<?xml version="1.0" encoding="utf-16"?>
<kml:kml xmlns="http://www.opengis.net/kml/2.2" xmlns:gx="http://www.google.com/kml/ext/2.2" xmlns:kml="http://www.opengis.net/kml/2.2" xmlns:atom="http://www.w3.org/2005/Atom">
  <kml:Document>
    <kml:name>East Texas Projects.kmz</kml:name>
    <atom:link rel="app" href="https://www.google.com/earth/about/versions/#earth-pro" title="Google Earth Pro 7.3.7.1155"></atom:link>
    <!-- Styles -->
    <kml:Style id="Submitted">
      <kml:IconStyle>
        <kml:Icon></kml:Icon>
      </kml:IconStyle>
      <kml:LabelStyle>
        <kml:scale>0</kml:scale>
      </kml:LabelStyle>
      <kml:LineStyle>
        <kml:color>ff0000ff</kml:color>
        <kml:width>2</kml:width>
      </kml:LineStyle>
      <kml:PolyStyle>
        <kml:color>4800ff00</kml:color>
      </kml:PolyStyle>
    </kml:Style>
    <kml:Style id="Submitted_hlt">
      <kml:IconStyle>
        <kml:Icon></kml:Icon>
      </kml:IconStyle>
      <kml:LineStyle>
        <kml:color>ff0000ff</kml:color>
        <kml:width>4</kml:width>
      </kml:LineStyle>
      <kml:PolyStyle>
        <kml:color>4800ff00</kml:color>
      </kml:PolyStyle>
    </kml:Style>
    <kml:StyleMap id="Submitted_rollover">
      <kml:Pair>
        <kml:key>normal</kml:key>
        <kml:styleUrl>#Submitted</kml:styleUrl>
      </kml:Pair>
      <kml:Pair>
        <kml:key>highlight</kml:key>
        <kml:styleUrl>#Submitted_hlt</kml:styleUrl>
      </kml:Pair>
    </kml:StyleMap>
    <!-- Main Folder -->
    <kml:open>1</kml:open>
    <kml:Folder>
      <kml:name>PRIME</kml:name>
      <kml:Placemark>
        <kml:name>1080142 - 114 Rock Creek</kml:name>
        <kml:styleUrl>#Submitted_rollover</kml:styleUrl>
        <kml:MultiGeometry>
          <kml:Point>
            <kml:coordinates>-94.62900258837287,31.71943978594614,0</kml:coordinates>
          </kml:Point>
          <kml:Polygon>
            <kml:outerBoundaryIs>
              <kml:LinearRing>
                <kml:coordinates>
									-94.62855893406038,31.71932661701608,0 -94.629448416591,31.71933304230285,0 -94.629446243742,31.71955295335933,0 -94.62855675915324,31.71954652805747,0 -94.62855893406038,31.71932661701608,0
								</kml:coordinates>
              </kml:LinearRing>
            </kml:outerBoundaryIs>
          </kml:Polygon>
        </kml:MultiGeometry>
      </kml:Placemark>
      <kml:Placemark>
        <kml:name>1080059 - 259 Rock Creek</kml:name>
        <kml:styleUrl>#Submitted_rollover</kml:styleUrl>
        <kml:MultiGeometry>
          <kml:Point>
            <kml:coordinates>-94.62797520916492,31.71744228825445,0</kml:coordinates>
          </kml:Point>
          <kml:Polygon>
            <kml:outerBoundaryIs>
              <kml:LinearRing>
                <kml:coordinates>
									-94.62841396673417,31.71732846959459,0 -94.62841837707317,31.71754836059023,0 -94.62753512877846,31.71755600712535,0 -94.62753336092722,31.71733609325106,0 -94.62841396673417,31.71732846959459,0
								</kml:coordinates>
              </kml:LinearRing>
            </kml:outerBoundaryIs>
          </kml:Polygon>
        </kml:MultiGeometry>
      </kml:Placemark>
      <kml:Placemark>
        <kml:name>1080051 - 239 Rock Creek</kml:name>
        <kml:styleUrl>#Submitted_rollover</kml:styleUrl>
        <kml:MultiGeometry>
          <kml:Point>
            <kml:coordinates>-94.62797784678646,31.71766215766144,0</kml:coordinates>
          </kml:Point>
          <kml:Polygon>
            <kml:outerBoundaryIs>
              <kml:LinearRing>
                <kml:coordinates>
									-94.62842098389024,31.71776826835125,0 -94.6275368966473,31.71777592214512,0 -94.62753512877846,31.71755600712535,0 -94.62841837707317,31.71754836059023,0 -94.62842098389024,31.71776826835125,0
								</kml:coordinates>
              </kml:LinearRing>
            </kml:outerBoundaryIs>
          </kml:Polygon>
        </kml:MultiGeometry>
      </kml:Placemark>
      <kml:Placemark>
        <kml:name>1080143 - 25 ACRES</kml:name>
        <kml:styleUrl>#Submitted_rollover</kml:styleUrl>
        <kml:MultiGeometry>
          <kml:Point>
            <kml:coordinates>-94.29364502125037,31.93984880947259,0</kml:coordinates>
          </kml:Point>
          <kml:Polygon>
            <kml:outerBoundaryIs>
              <kml:LinearRing>
                <kml:coordinates>
								-94.29600610851824,31.93574218135155,0 -94.29444403653642,31.93786431964353,0 -94.2932620570618,31.93891276519379,0 -94.29370934173269,31.9401264398056,0 -94.29306442429366,31.94159661341505,0 -94.29429110335775,31.94281995335521,0 -94.2965417828058,31.93587680910747,0 -94.29600610851824,31.93574218135155,0
							</kml:coordinates>
              </kml:LinearRing>
            </kml:outerBoundaryIs>
          </kml:Polygon>
        </kml:MultiGeometry>
      </kml:Placemark>
    </kml:Folder>
    <kml:Folder>
      <kml:name>2024</kml:name>
      <kml:Placemark>
        <kml:name>108-24-0040 - REEDY ST</kml:name>
        <kml:styleUrl>#Submitted_rollover</kml:styleUrl>
        <kml:MultiGeometry>
          <kml:Point>
            <kml:coordinates>-94.67840146743256,31.59545234108224,0</kml:coordinates>
          </kml:Point>
          <kml:Polygon>
            <kml:outerBoundaryIs>
              <kml:LinearRing>
                <kml:coordinates>-94.67822080471377,31.595227827846387,0 -94.67865366606603,31.59528532881549,0 -94.67862276271221,31.595480421079134,0 -94.67861132438433,31.59547898731158,0 -94.67857745432414,31.59567694977179,0 -94.67815306300649,31.595623752574163,0 -94.67818693393059,31.59542579022134,0 -94.67822080471377,31.595227827846387,0</kml:coordinates>
              </kml:LinearRing>
            </kml:outerBoundaryIs>
          </kml:Polygon>
        </kml:MultiGeometry>
      </kml:Placemark>
      <kml:Placemark>
        <kml:name>108-24-0055 - 130 Rock Creek</kml:name>
        <kml:styleUrl>#Submitted_rollover</kml:styleUrl>
        <kml:MultiGeometry>
          <kml:Point>
            <kml:coordinates>-94.62900182842766,31.71922139747362,0</kml:coordinates>
          </kml:Point>
          <kml:Polygon>
            <kml:outerBoundaryIs>
              <kml:LinearRing>
                <kml:coordinates>
									-94.62855819485411,31.71910817206631,0 -94.6294476742117,31.71911471056872,0 -94.62944546305832,31.71933462136415,0 -94.62855598164265,31.71932808284642,0 -94.62855819485411,31.71910817206631,0 -94.62855819485411,31.71910817206631,0
								</kml:coordinates>
              </kml:LinearRing>
            </kml:outerBoundaryIs>
          </kml:Polygon>
        </kml:MultiGeometry>
      </kml:Placemark>
      <kml:Placemark>
        <kml:name>108-24-0061 - POWERS ST</kml:name>
        <kml:styleUrl>#Submitted_rollover</kml:styleUrl>
        <kml:MultiGeometry>
          <kml:Point>
            <kml:coordinates>-94.67191716416312,31.61032714719547,0</kml:coordinates>
          </kml:Point>
          <kml:Polygon>
            <kml:outerBoundaryIs>
              <kml:LinearRing>
                <kml:coordinates>
								-94.67217488747519,31.61018012686565,0 -94.67171110640841,31.61019852405848,0 -94.67172406667868,31.61050640564919,0 -94.67218136785958,31.6104873948433,0 -94.67217488747519,31.61018012686565,0
							</kml:coordinates>
              </kml:LinearRing>
            </kml:outerBoundaryIs>
          </kml:Polygon>
          <kml:Polygon>
            <kml:tessellate>1</kml:tessellate>
            <kml:outerBoundaryIs>
              <kml:LinearRing>
                <kml:coordinates>
								-94.67148020236044,31.61020050078471,0 -94.67091829124065,31.61022414316368,0 -94.67092886490553,31.61055180392039,0 -94.67148945585554,31.61052590934743,0 -94.67148020236044,31.61020050078471,0
							</kml:coordinates>
              </kml:LinearRing>
            </kml:outerBoundaryIs>
          </kml:Polygon>
        </kml:MultiGeometry>
      </kml:Placemark>
      <kml:Placemark>
        <kml:name>108-24-0063 - WADE AND DOLPH  REPLAT</kml:name>
        <kml:styleUrl>#Submitted_rollover</kml:styleUrl>
        <kml:MultiGeometry>
          <kml:Point>
            <kml:coordinates>-94.67126451509272,31.61209481052827,0</kml:coordinates>
          </kml:Point>
          <kml:Polygon>
            <kml:outerBoundaryIs>
              <kml:LinearRing>
                <kml:coordinates>
						-94.67170077683798,31.61339647704396,0 -94.67121480011032,31.61340767361178,0 -94.67121355262002,31.61298421386808,0 -94.67090666113324,31.6129890207115,0 -94.67089839823487,31.61151698111938,0 -94.67156861377535,31.61148553249576,0 -94.67156548681034,31.61094910782684,0 -94.67168124044936,31.61094034589997,0 -94.67169320988826,31.61254622186704,0 -94.67170077683798,31.61339647704396,0
					</kml:coordinates>
              </kml:LinearRing>
            </kml:outerBoundaryIs>
          </kml:Polygon>
        </kml:MultiGeometry>
      </kml:Placemark>
    </kml:Folder>
    <kml:Folder>
      <kml:name>2025</kml:name>
      <kml:Placemark>
        <kml:name>108-25-0001 - 890 FM 2112</kml:name>
        <kml:styleUrl>#Submitted_rollover</kml:styleUrl>
        <kml:MultiGeometry>
          <kml:Point>
            <kml:coordinates>-94.51828349123556,31.624641776170293,0</kml:coordinates>
          </kml:Point>
          <kml:Polygon>
            <kml:outerBoundaryIs>
              <kml:LinearRing>
                <kml:coordinates>-94.5192050864124,31.62411916798671,0 -94.51919494977464,31.625163801813517,0 -94.5173659847045,31.625171568898207,0 -94.51737628128589,31.62411255030676,0 -94.5192050864124,31.62411916798671,0</kml:coordinates>
              </kml:LinearRing>
            </kml:outerBoundaryIs>
          </kml:Polygon>
        </kml:MultiGeometry>
      </kml:Placemark>
      <kml:Placemark>
        <kml:name>108-25-0002 - 261 CR 784</kml:name>
        <kml:styleUrl>#Submitted_rollover</kml:styleUrl>
        <kml:MultiGeometry>
          <kml:Point>
            <kml:coordinates>-94.88786756867769,31.615060906616115,0</kml:coordinates>
          </kml:Point>
          <kml:Polygon>
            <kml:outerBoundaryIs>
              <kml:LinearRing>
                <kml:coordinates>-94.88861564697072,31.615857459123603,0 -94.88751824931016,31.615974568918062,0 -94.88711945783513,31.61426190637567,0 -94.88821794920015,31.614149579429764,0 -94.88861564697072,31.615857459123603,0</kml:coordinates>
              </kml:LinearRing>
            </kml:outerBoundaryIs>
          </kml:Polygon>
        </kml:MultiGeometry>
      </kml:Placemark>
      <kml:Placemark>
        <kml:name>108-25-0003 - 887 CR 1265</kml:name>
        <kml:styleUrl>#Submitted_rollover</kml:styleUrl>
        <kml:MultiGeometry>
          <kml:Point>
            <kml:coordinates>-94.21763889779373,31.727977624198978,0</kml:coordinates>
          </kml:Point>
          <kml:Polygon>
            <kml:outerBoundaryIs>
              <kml:LinearRing>
                <kml:coordinates>-94.21589035712897,31.72450427297809,0 -94.21681039928016,31.724515117760653,0 -94.21681595347044,31.723751521459832,0 -94.21697401482933,31.72374348420463,0 -94.21715442022816,31.723741586401488,0 -94.21743744226869,31.723788386872265,0 -94.2175511845168,31.723846088327768,0 -94.21771646025742,31.723869415339987,0 -94.2177009190449,31.72369101330289,0 -94.21798152943457,31.723754831065257,0 -94.21813625068982,31.72392386214911,0 -94.21818010108616,31.724144063608087,0 -94.2185055382281,31.72423075542802,0 -94.21863814028018,31.724943375894217,0 -94.21878762931009,31.72549375230891,0 -94.21924974499673,31.726088564521454,0 -94.21960088124948,31.726938374247467,0 -94.21960976271532,31.727618300910514,0 -94.21986532893733,31.728073367024717,0 -94.21941411938279,31.728258040303523,0 -94.21917212717638,31.72868148192858,0 -94.21973645258022,31.729003212966653,0 -94.21903483251484,31.729162511084617,0 -94.21930550010104,31.729749746172136,0 -94.21947579106201,31.730172115666605,0 -94.21982754805751,31.730411152969324,0 -94.22035774592256,31.73138674035284,0 -94.21577933820352,31.731383225053243,0 -94.21589035712897,31.72450427297809,0</kml:coordinates>
              </kml:LinearRing>
            </kml:outerBoundaryIs>
          </kml:Polygon>
        </kml:MultiGeometry>
      </kml:Placemark>
      <kml:Placemark>
        <kml:name>108-25-0004 - 8200 W STATE HWY 7</kml:name>
        <kml:styleUrl>#Submitted_rollover</kml:styleUrl>
        <kml:MultiGeometry>
          <kml:Point>
            <kml:coordinates>-94.74297341604529,31.547853165199193,0</kml:coordinates>
          </kml:Point>
          <kml:Polygon>
            <kml:outerBoundaryIs>
              <kml:LinearRing>
                <kml:coordinates>-94.74363917126504,31.550274595201792,0 -94.74279802063951,31.55027941441077,0 -94.7421361414983,31.54572243668531,0 -94.74215171334671,31.545710909965475,0 -94.74216731613998,31.54569941397902,0 -94.7421829497954,31.545687948786853,0 -94.7421986142301,31.545676514449685,0 -94.74221430936103,31.545665111028185,0 -94.742230035105,31.545653738582846,0 -94.74224579137866,31.545642397173836,0 -94.74226157809845,31.5456310868613,0 -94.74227739518071,31.54561980770522,0 -94.74229324254159,31.54560855976538,0 -94.7423091200971,31.545597343101345,0 -94.74232502776306,31.545586157772632,0 -94.74234096545513,31.545575003838497,0 -94.74235693308883,31.54556388135804,0 -94.74237293057956,31.545552790390218,0 -94.74238895784245,31.54554173099383,0 -94.7424050147926,31.545530703227524,0 -94.74242110134486,31.5455197071497,0 -94.74243721741396,31.54550874281865,0 -94.74245336291449,31.545497810292517,0 -94.74246953776083,31.54548690962924,0 -94.74248574186726,31.545476040886573,0 -94.7425019751479,31.54546520412213,0 -94.74251823751668,31.54545439939334,0 -94.7425345288874,31.545443626757518,0 -94.7425508491737,31.545432886271684,0 -94.74256719828907,31.545422177992844,0 -94.74258357614686,31.545411501977686,0 -94.74259998266021,31.54540085828286,0 -94.74261641774218,31.545390246964736,0 -94.74263288130568,31.54537966807957,0 -94.7426493732634,31.545369121683496,0 -94.74266589352793,31.54535860783227,0 -94.7426824420117,31.545348126581725,0 -94.74269901862698,31.54533767798738,0 -94.74271562328593,31.545327262104635,0 -94.7427322559005,31.54531687898869,0 -94.74274891638254,31.54530652869458,0 -94.74276560464374,31.54529621127716,0 -94.74278232059562,31.545285926791095,0 -94.7427990641496,31.54527567529094,0 -94.7428158352169,31.545265456830982,0 -94.74283263370864,31.54525527146544,0 -94.74284945953578,31.54524511924821,0 -94.74286631260911,31.54523500023319,0 -94.7428831928393,31.545224914473966,0 -94.74290010013688,31.545214862023993,0 -94.74291703441223,31.545204842936606,0 -94.7429339955756,31.54519485726481,0 -94.74295098353706,31.545184905061642,0 -94.74295098353706,31.545184905061642,0 -94.74354971694407,31.547606970066624,0 -94.74357468192166,31.549037138982943,0 -94.74383279688294,31.549031449187403,0 -94.74382909543162,31.549112988818727,0 -94.7438149281585,31.54952957202002,0 -94.74356010133971,31.55007859155901,0 -94.74363917126504,31.550274595201792,0</kml:coordinates>
              </kml:LinearRing>
            </kml:outerBoundaryIs>
          </kml:Polygon>
        </kml:MultiGeometry>
      </kml:Placemark>
      <kml:Placemark>
        <kml:name>108-25-0005 - 860 SPRING CREEK DR</kml:name>
        <kml:styleUrl>#Submitted_rollover</kml:styleUrl>
        <kml:MultiGeometry>
          <kml:Point>
            <kml:coordinates>-94.59618163679771,31.67203805001188,0</kml:coordinates>
          </kml:Point>
          <kml:Polygon>
            <kml:outerBoundaryIs>
              <kml:LinearRing>
                <kml:coordinates>
									-94.59632481598882,31.67227549384897,0 -94.59631966177405,31.67227271793323,0 -94.59631446696729,31.67226999792334,0 -94.59630923239769,31.67226733425335,0 -94.59630395890052,31.67226472734842,0 -94.59629864731743,31.67226217762451,0 -94.59629329849608,31.67225968548856,0 -94.59628791329008,31.67225725133824,0 -94.59628249255881,31.6722548755621,0 -94.59627703716744,31.67225255853926,0 -94.5962715479865,31.67225030063939,0 -94.59626602589206,31.67224810222294,0 -94.59626047176533,31.67224596364068,0 -94.59625488649273,31.672243885234,0 -94.59624927096556,31.67224186733445,0 -94.59624362608002,31.67223991026416,0 -94.59623795273697,31.67223801433544,0 -94.5962322518418,31.67223617985084,0 -94.59622652430431,31.6722344071031,0 -94.5962207710385,31.67223269637516,0 -94.5962149929626,31.67223104794002,0 -94.59620919099868,31.67222946206077,0 -94.59620336607267,31.67222793899046,0 -94.59619751911411,31.67222647897222,0 -94.59619165105622,31.67222508223898,0 -94.59618576283536,31.67222374901368,0 -94.59617985539126,31.67222247950905,0 -94.59617392966668,31.67222127392774,0 -94.5961679866073,31.6722201324621,0 -94.59616202716155,31.67221905529432,0 -94.59615605228048,31.67221804259627,0 -94.59615006291763,31.67221709452964,0 -94.59614406002878,31.67221621124564,0 -94.59613804457194,31.67221539288528,0 -94.59613201750714,31.67221463957918,0 -94.59612597979618,31.67221395144747,0 -94.59611993240264,31.67221332860009,0 -94.59611387629157,31.67221277113634,0 -94.59610781242949,31.67221227914525,0 -94.59610174178411,31.67221185270525,0 -94.5960956653242,31.6722114918845,0 -94.59608958401951,31.67221119674052,0 -94.59608349884053,31.67221096732041,0 -94.59607741075841,31.67221080366082,0 -94.5960713207447,31.67221070578784,0 -94.59606522977131,31.6722106737171,0 -94.5960591388103,31.67221070745371,0 -94.59605304883365,31.67221080699225,0 -94.59604696081333,31.6722109723169,0 -94.59604087572082,31.67221120340128,0 -94.5960347945273,31.67221150020846,0 -94.5960347945273,31.67221150020846,0 -94.59603081146446,31.6718469543091,0 -94.59632010716282,31.67184464347504,0 -94.59632481598882,31.67227549384897,0
								</kml:coordinates>
              </kml:LinearRing>
            </kml:outerBoundaryIs>
          </kml:Polygon>
        </kml:MultiGeometry>
      </kml:Placemark>
      <kml:Placemark>
        <kml:name>108-25-0006 - 7013 NORTH ST</kml:name>
        <kml:styleUrl>#Submitted_rollover</kml:styleUrl>
        <kml:MultiGeometry>
          <kml:Point>
            <kml:coordinates>-94.66298523585402,31.66947633029815,0</kml:coordinates>
          </kml:Point>
          <kml:Polygon>
            <kml:outerBoundaryIs>
              <kml:LinearRing>
                <kml:coordinates>
						-94.66349141958324,31.6699961684221,0 -94.66278579977867,31.67000114684132,0 -94.66247905212478,31.668951513755,0 -94.66332786699937,31.66895784289305,0 -94.66349141958324,31.6699961684221,0
			</kml:coordinates>
              </kml:LinearRing>
            </kml:outerBoundaryIs>
          </kml:Polygon>
        </kml:MultiGeometry>
      </kml:Placemark>
      <kml:Placemark>
        <kml:name>108-25-0007 - 507 SOUTH ST</kml:name>
        <kml:styleUrl>#Submitted_rollover</kml:styleUrl>
        <kml:MultiGeometry>
          <kml:Point>
            <kml:coordinates>-94.68000323700227,31.55876260543621,0</kml:coordinates>
          </kml:Point>
          <kml:Polygon>
            <kml:outerBoundaryIs>
              <kml:LinearRing>
                <kml:coordinates>
								-94.680869806917,31.55920407808687,0 -94.67890302378662,31.55887992493885,0 -94.6789149607819,31.55886998890695,0 -94.6789814641041,31.55886173974756,0 -94.67902584038958,31.55871510545367,0 -94.67910693536545,31.55861808150969,0 -94.67911018930755,31.55851618645537,0 -94.67916200132717,31.55849943495905,0 -94.6791789981083,31.55845300266114,0 -94.67915878895414,31.5583918434928,0 -94.67916548156681,31.55833774063663,0 -94.67955978850485,31.55837649818724,0 -94.68031805260301,31.55851620447793,0 -94.68101518684738,31.55859603211978,0 -94.68092920232809,31.55867892625105,0 -94.68088851059375,31.55917135842024,0 -94.680869806917,31.55920407808687,0 
							</kml:coordinates>
              </kml:LinearRing>
            </kml:outerBoundaryIs>
          </kml:Polygon>
        </kml:MultiGeometry>
      </kml:Placemark>
      <kml:Placemark>
        <kml:name>108-25-0008 - 5207 SOUTH ST</kml:name>
        <kml:styleUrl>#Submitted_rollover</kml:styleUrl>
        <kml:MultiGeometry>
          <kml:Point>
            <kml:coordinates>-94.68905154799228,31.61259245184967,0</kml:coordinates>
          </kml:Point>
          <kml:Polygon>
            <kml:outerBoundaryIs>
              <kml:LinearRing>
                <kml:coordinates>
							-94.68885529744963,31.61304952751125,0 -94.68896229057925,31.61212164694379,0 -94.68929713873844,31.6122235963576,0 -94.68906604538284,31.61311256789166,0 -94.6888688624978,31.61305427496513,0 -94.68885529744963,31.61304952751125,0 
						</kml:coordinates>
              </kml:LinearRing>
            </kml:outerBoundaryIs>
          </kml:Polygon>
        </kml:MultiGeometry>
      </kml:Placemark>
      <kml:Placemark>
        <kml:name>108-25-0009 - 138 COUNTY ROAD 765</kml:name>
        <kml:styleUrl>#Submitted_rollover</kml:styleUrl>
        <kml:MultiGeometry>
          <kml:Point>
            <kml:coordinates>-94.7966332132269,31.56556190349767,0</kml:coordinates>
          </kml:Point>
          <kml:Polygon>
            <kml:outerBoundaryIs>
              <kml:LinearRing>
                <kml:coordinates>
								-94.79953399909752,31.56487224545966,0 -94.79284440033378,31.56489174296568,0 -94.79282867777434,31.5648984388575,0 -94.79289132586923,31.5663719457398,0 -94.79955743927728,31.56643954022602,0 -94.79953399909752,31.56487224545966,0
							</kml:coordinates>
              </kml:LinearRing>
            </kml:outerBoundaryIs>
          </kml:Polygon>
        </kml:MultiGeometry>
      </kml:Placemark>
      <kml:Placemark>
        <kml:name>108-25-0012 - 832 CR 250</kml:name>
        <kml:styleUrl>#Submitted_rollover</kml:styleUrl>
        <kml:MultiGeometry>
          <kml:Point>
            <kml:coordinates>-94.62558807117918,31.710625328117064,0</kml:coordinates>
          </kml:Point>
          <kml:Polygon>
            <kml:outerBoundaryIs>
              <kml:LinearRing>
                <kml:coordinates>-94.62723617230843,31.710159453241282,0 -94.62687894837804,31.710657276122546,0 -94.62682403555485,31.710833726720846,0 -94.62700897192423,31.711134978699846,0 -94.6264929777056,31.711637478132694,0 -94.62634737643637,31.711798971222144,0 -94.62382714134753,31.710463375743934,0 -94.62502677060908,31.709112759815785,0 -94.62502941701153,31.71016122456771,0 -94.62723617230843,31.710159453241282,0 -94.62723617230843,31.710159453241282,0</kml:coordinates>
              </kml:LinearRing>
            </kml:outerBoundaryIs>
          </kml:Polygon>
        </kml:MultiGeometry>
      </kml:Placemark>
      <kml:Placemark>
        <kml:name>108-25-0013 - 17808 US 59</kml:name>
        <kml:styleUrl>#Submitted_rollover</kml:styleUrl>
        <kml:MultiGeometry>
          <kml:Point>
            <kml:coordinates>-94.57276750990302,31.76030067956083,0</kml:coordinates>
          </kml:Point>
          <kml:Polygon>
            <kml:outerBoundaryIs>
              <kml:LinearRing>
                <kml:coordinates>-94.57260648815422,31.761018571389016,0 -94.57194913032788,31.760508491944123,0 -94.57236469041582,31.75989218958981,0 -94.57324433288746,31.75977692248677,0 -94.57370782253817,31.759935381796172,0 -94.57365463013619,31.759983037081057,0 -94.57358729235492,31.76011952621576,0 -94.57335890885273,31.76031699989918,0 -94.57270960939353,31.760927828476785,0 -94.57260648815422,31.761018571389016,0</kml:coordinates>
              </kml:LinearRing>
            </kml:outerBoundaryIs>
          </kml:Polygon>
        </kml:MultiGeometry>
      </kml:Placemark>
      <kml:Placemark>
        <kml:name>108-25-0014 - 2026 VIRGINIA</kml:name>
        <kml:styleUrl>#Submitted_rollover</kml:styleUrl>
        <kml:MultiGeometry>
          <kml:Point>
            <kml:coordinates>-94.67531024527837,31.596899974487005,0</kml:coordinates>
          </kml:Point>
          <kml:Polygon>
            <kml:outerBoundaryIs>
              <kml:LinearRing>
                <kml:coordinates>-94.6751714302028,31.597225343496987,0 -94.67517546039845,31.596556907050385,0 -94.67544964745112,31.59657911223296,0 -94.67544567302271,31.597238614364343,0 -94.6751714302028,31.597225343496987,0</kml:coordinates>
              </kml:LinearRing>
            </kml:outerBoundaryIs>
          </kml:Polygon>
        </kml:MultiGeometry>
      </kml:Placemark>
      <kml:Placemark>
        <kml:name>108-25-0015 - 2102 VIRGINIA AVE</kml:name>
        <kml:styleUrl>#Submitted_rollover</kml:styleUrl>
        <kml:MultiGeometry>
          <kml:Point>
            <kml:coordinates>-94.67558457693197,31.59691739063125,0</kml:coordinates>
          </kml:Point>
          <kml:Polygon>
            <kml:outerBoundaryIs>
              <kml:LinearRing>
                <kml:coordinates>-94.67544567301056,31.597238614372372,0 -94.67544964743898,31.596579112241,0 -94.6757238346196,31.59660131684501,0 -94.67572067444885,31.59725001357163,0 -94.67544567301056,31.597238614372372,0 -94.67544567301056,31.597238614372372,0</kml:coordinates>
              </kml:LinearRing>
            </kml:outerBoundaryIs>
          </kml:Polygon>
        </kml:MultiGeometry>
      </kml:Placemark>
      <kml:Placemark>
        <kml:name>108-25-0016 - 229 TRAVIS ST</kml:name>
        <kml:styleUrl>#Submitted_rollover</kml:styleUrl>
        <kml:MultiGeometry>
          <kml:Point>
            <kml:coordinates>-94.65501913960513,31.630609241084038,0</kml:coordinates>
          </kml:Point>
          <kml:Polygon>
            <kml:outerBoundaryIs>
              <kml:LinearRing>
                <kml:coordinates>-94.65490106316327,31.630814753475722,0 -94.65488478478566,31.630400826120482,0 -94.65513569738083,31.630403148616107,0 -94.6551550537611,31.630816543062288,0 -94.65490106316327,31.630814753475722,0</kml:coordinates>
              </kml:LinearRing>
            </kml:outerBoundaryIs>
          </kml:Polygon>
        </kml:MultiGeometry>
      </kml:Placemark>
      <kml:Placemark>
        <kml:name>108-25-0018 - 146 Rock Creek</kml:name>
        <kml:styleUrl>#Submitted_rollover</kml:styleUrl>
        <kml:MultiGeometry>
          <kml:Point>
            <kml:coordinates>-94.6290040405883,31.71900148668833,0</kml:coordinates>
          </kml:Point>
          <kml:Polygon>
            <kml:outerBoundaryIs>
              <kml:LinearRing>
                <kml:coordinates>
									-94.62855819484572,31.71910817207733,0 -94.62856040803034,31.71888826128026,0 -94.62944988532983,31.71889479976731,0 -94.62944767420332,31.71911471057973,0 -94.62855819484572,31.71910817207733,0 -94.62855819484572,31.71910817207733,0
								</kml:coordinates>
              </kml:LinearRing>
            </kml:outerBoundaryIs>
          </kml:Polygon>
        </kml:MultiGeometry>
      </kml:Placemark>
      <kml:Placemark>
        <kml:name>108-25-0019 - DEERFIELD DR L5 B2</kml:name>
        <kml:styleUrl>#Submitted_rollover</kml:styleUrl>
        <kml:MultiGeometry>
          <kml:Point>
            <kml:coordinates>-94.65064454767153,31.646595364621213,0</kml:coordinates>
          </kml:Point>
          <kml:Polygon>
            <kml:outerBoundaryIs>
              <kml:LinearRing>
                <kml:coordinates>-94.65048233002823,31.646779356258733,0 -94.65048573091157,31.646410306496147,0 -94.65080707467145,31.646412473421623,0 -94.65080369529355,31.646779324013682,0 -94.65048233002823,31.646779356258733,0</kml:coordinates>
              </kml:LinearRing>
            </kml:outerBoundaryIs>
          </kml:Polygon>
        </kml:MultiGeometry>
      </kml:Placemark>
      <kml:Placemark>
        <kml:name>108-25-0020 - CR 864</kml:name>
        <kml:styleUrl>#Submitted_rollover</kml:styleUrl>
        <kml:MultiGeometry>
          <kml:Point>
            <kml:coordinates>-94.81023564605516,31.801407661474755,0</kml:coordinates>
          </kml:Point>
          <kml:Polygon>
            <kml:outerBoundaryIs>
              <kml:LinearRing>
                <kml:coordinates>-94.80906514228334,31.80222984236633,0 -94.80916012886885,31.799315696259672,0 -94.80928203968247,31.7994767006524,0 -94.80966674453981,31.800268008669438,0 -94.80977650318626,31.80042526788558,0 -94.80978234129964,31.800433539219945,0 -94.80978827602472,31.800441760254394,0 -94.80979430676743,31.800449930165872,0 -94.80980043292406,31.800458048136463,0 -94.80980665388131,31.800466113353494,0 -94.80981296901643,31.800474125009558,0 -94.80981937769722,31.800482082302587,0 -94.80982587928213,31.800489984435913,0 -94.80983247312028,31.800497830618514,0 -94.80983915855161,31.800505620064857,0 -94.80984593490682,31.80051335199512,0 -94.80985280150755,31.80052102563528,0 -94.80985975766639,31.800528640217088,0 -94.80986680268697,31.800536194978285,0 -94.80987393586405,31.8005436891625,0 -94.80988115648348,31.800551122019503,0 -94.80988846382247,31.800558492805177,0 -94.80989585714948,31.80056580078161,0 -94.80990333572436,31.800573045217185,0 -94.8099108987984,31.800580225386682,0 -94.80991854561452,31.80058734057125,0 -94.8099262754072,31.800594390058585,0 -94.80993408740255,31.800601373142946,0 -94.8099419808186,31.800608289125265,0 -94.8099499548651,31.80061513731315,0 -94.80995800874379,31.800621917021008,0 -94.80996614164837,31.800628627570134,0 -94.80997435276467,31.800635268288694,0 -94.80998264127068,31.800641838511922,0 -94.8099910063366,31.800648337582018,0 -94.80999944712507,31.800654764848357,0 -94.81000796279103,31.800661119667488,0 -94.810016552482,31.800667401403235,0 -94.81002521533804,31.8006736094267,0 -94.81003395049194,31.800679743116426,0 -94.81004275706918,31.800685801858304,0 -94.81005163418816,31.80069178504579,0 -94.81006058096017,31.80069769207995,0 -94.81006959648956,31.80070352236934,0 -94.81007867987374,31.80070927533034,0 -94.81008783020341,31.80071495038698,0 -94.81009704656249,31.800720546971114,0 -94.81010632802834,31.800726064522483,0 -94.81011567367177,31.80073150248869,0 -94.8101250825572,31.800736860325305,0 -94.81013455374267,31.800742137496023,0 -94.81014408628002,31.800747333472437,0 -94.81015367921493,31.80075244773443,0 -94.81016333158706,31.80075747977,0 -94.81017304243005,31.800762429075334,0 -94.81017304243005,31.800762429075334,0 -94.81197596217515,31.8016154538249,0 -94.81221349157951,31.80171249133041,0 -94.81220509100768,31.802135567938123,0 -94.8106623067284,31.802246715454604,0 -94.80995409779159,31.802281027566835,0 -94.80906514228334,31.80222984236633,0</kml:coordinates>
              </kml:LinearRing>
            </kml:outerBoundaryIs>
          </kml:Polygon>
        </kml:MultiGeometry>
      </kml:Placemark>
      <kml:Placemark>
        <kml:name>108-25-0021 - 354 CR 785</kml:name>
        <kml:styleUrl>#Submitted_rollover</kml:styleUrl>
        <kml:MultiGeometry>
          <kml:Point>
            <kml:coordinates>-94.88826616711135,31.624546534234252,0</kml:coordinates>
          </kml:Point>
          <kml:Polygon>
            <kml:outerBoundaryIs>
              <kml:LinearRing>
                <kml:coordinates>-94.88918072399318,31.626099915582476,0 -94.8868108412649,31.626251907620784,0 -94.88842288990281,31.62204791198708,0 -94.8891172476132,31.622395693135044,0 -94.88902021601211,31.624049739865445,0 -94.88918072399318,31.626099915582476,0</kml:coordinates>
              </kml:LinearRing>
            </kml:outerBoundaryIs>
          </kml:Polygon>
        </kml:MultiGeometry>
      </kml:Placemark>
      <kml:Placemark>
        <kml:name>108-25-0022 - 4165 FM 415</kml:name>
        <kml:styleUrl>#Submitted_rollover</kml:styleUrl>
        <kml:MultiGeometry>
          <kml:Point>
            <kml:coordinates>-94.40032567947098,31.82015282809188,0</kml:coordinates>
          </kml:Point>
          <kml:Polygon>
            <kml:outerBoundaryIs>
              <kml:LinearRing>
                <kml:coordinates>
						-94.39909910546635,31.81888362744487,0 -94.40224116261014,31.81990999864652,0 -94.40190240156156,31.82018519423251,0 -94.40153460737103,31.82045560842149,0 -94.40110925508667,31.82073142257905,0 -94.40017314099325,31.82127966367844,0 -94.400002131123,31.82140071507376,0 -94.39975001731004,31.82161630369638,0 -94.39955914313437,31.82183974153416,0 -94.39943114221741,31.82209403924145,0 -94.39934332019375,31.82236832165249,0 -94.39896872307656,31.82385623794223,0 -94.3990921935977,31.82273970164875,0 -94.39956274608039,31.82107616563104,0 -94.39999058332049,31.82037923035663,0 -94.39865508086781,31.81995875710571,0 -94.39909910510494,31.81888363335552,0
					</kml:coordinates>
              </kml:LinearRing>
            </kml:outerBoundaryIs>
          </kml:Polygon>
        </kml:MultiGeometry>
      </kml:Placemark>
      <kml:Placemark>
        <kml:name>108-25-0023 - 1239 HAPPY LAND ROAD_CANCELED</kml:name>
        <kml:styleUrl>#Submitted_rollover</kml:styleUrl>
        <kml:MultiGeometry>
          <kml:Point>
            <kml:coordinates>-94.59335262975837,31.703313751020886,0</kml:coordinates>
          </kml:Point>
          <kml:Polygon>
            <kml:outerBoundaryIs>
              <kml:LinearRing>
                <kml:coordinates>-94.59289921484562,31.702392324360666,0 -94.59302066473647,31.7023897236691,0 -94.59373948971826,31.70240566123693,0 -94.59380848531778,31.704219098777546,0 -94.59296958897431,31.704242424170953,0 -94.59289921484562,31.702392324360666,0</kml:coordinates>
              </kml:LinearRing>
            </kml:outerBoundaryIs>
          </kml:Polygon>
        </kml:MultiGeometry>
      </kml:Placemark>
      <kml:Placemark>
        <kml:name>108-25-0024 - 640 CR 835</kml:name>
        <kml:styleUrl>#Submitted_rollover</kml:styleUrl>
        <kml:MultiGeometry>
          <kml:Point>
            <kml:coordinates>-94.76245852107299,31.73147356688813,0</kml:coordinates>
          </kml:Point>
          <kml:Polygon>
            <kml:outerBoundaryIs>
              <kml:LinearRing>
                <kml:coordinates>
									-94.76228452419041,31.7258358160131,0 -94.75513220469244,31.72580891115557,0 -94.75798867666089,31.73678788844322,0 -94.76058946385854,31.7367765192544,0 -94.76386749628405,31.7364195342774,0 -94.76878141094313,31.73633284390102,0 -94.76853818206894,31.73554517967628,0 -94.77211168260808,31.73400964730738,0 -94.76228452419041,31.7258358160131,0
								</kml:coordinates>
              </kml:LinearRing>
            </kml:outerBoundaryIs>
          </kml:Polygon>
        </kml:MultiGeometry>
      </kml:Placemark>
      <kml:Placemark>
        <kml:name>108-25-0025 - CR 489 SMYRNA RD</kml:name>
        <kml:styleUrl>#Submitted_rollover</kml:styleUrl>
        <kml:MultiGeometry>
          <kml:Point>
            <kml:coordinates>-94.34326921834604,31.36660719016315,0</kml:coordinates>
          </kml:Point>
          <kml:Polygon>
            <kml:outerBoundaryIs>
              <kml:LinearRing>
                <kml:coordinates>
								-94.34114746071921,31.3665515828173,0 -94.34155677594268,31.36759200348977,0 -94.34534220736427,31.36708169416319,0 -94.34531952237103,31.36575554322409,0 -94.34099154647257,31.36598559787234,0 -94.34114746071921,31.3665515828173,0
							</kml:coordinates>
              </kml:LinearRing>
            </kml:outerBoundaryIs>
          </kml:Polygon>
        </kml:MultiGeometry>
      </kml:Placemark>
      <kml:Placemark>
        <kml:name>108-25-0026 - 437 Derek Dr</kml:name>
        <kml:styleUrl>#Submitted_rollover</kml:styleUrl>
        <kml:MultiGeometry>
          <kml:Point>
            <kml:coordinates>-94.81809793787411,31.36961495312871,0</kml:coordinates>
          </kml:Point>
          <kml:Polygon>
            <kml:outerBoundaryIs>
              <kml:LinearRing>
                <kml:coordinates>
							-94.8183606375644,31.36920904937121,0 -94.81835286339928,31.37002449003525,0 -94.81783523594879,31.37002085630923,0 -94.81784301453735,31.36920541567659,0 -94.8183606375644,31.36920904937121,0 
						</kml:coordinates>
              </kml:LinearRing>
            </kml:outerBoundaryIs>
          </kml:Polygon>
        </kml:MultiGeometry>
      </kml:Placemark>
      <kml:Placemark>
        <kml:name>108-25-0027 - 184 NORTH 2ND ST</kml:name>
        <kml:styleUrl>#Submitted_rollover</kml:styleUrl>
        <kml:MultiGeometry>
          <kml:Point>
            <kml:coordinates>-94.42563113217986,31.156923848915373,0</kml:coordinates>
          </kml:Point>
          <kml:Polygon>
            <kml:outerBoundaryIs>
              <kml:LinearRing>
                <kml:coordinates>-94.42535489610009,31.157041083026765,0 -94.42535460878683,31.156806328621155,0 -94.42586923411838,31.156797361028598,0 -94.42586906133386,31.15695876346654,0 -94.42597744800355,31.156956874519175,0 -94.42597706891247,31.15703024113496,0 -94.42535489610009,31.157041083026765,0</kml:coordinates>
              </kml:LinearRing>
            </kml:outerBoundaryIs>
          </kml:Polygon>
        </kml:MultiGeometry>
      </kml:Placemark>
      <kml:Placemark>
        <kml:name>108-25-0028 - CR 146 26 ACRES</kml:name>
        <kml:styleUrl>#Submitted_rollover</kml:styleUrl>
        <kml:MultiGeometry>
          <kml:Point>
            <kml:coordinates>-94.66811177828757,31.835044728312365,0</kml:coordinates>
          </kml:Point>
          <kml:Polygon>
            <kml:outerBoundaryIs>
              <kml:LinearRing>
                <kml:coordinates>-94.6671790230224,31.83735061545927,0 -94.665002780479,31.837358839960594,0 -94.66500482935047,31.83700973962753,0 -94.67031151877529,31.83198156604043,0 -94.67052138692743,31.832148454799018,0 -94.67106327810987,31.832845802442474,0 -94.6671790230224,31.83735061545927,0</kml:coordinates>
              </kml:LinearRing>
            </kml:outerBoundaryIs>
          </kml:Polygon>
        </kml:MultiGeometry>
      </kml:Placemark>
      <kml:Placemark>
        <kml:name>108-25-0029 - 1921 GOLDSBERRY ST</kml:name>
        <kml:styleUrl>#Submitted_rollover</kml:styleUrl>
        <kml:MultiGeometry>
          <kml:Point>
            <kml:coordinates>-94.66014619805624,31.587105485879867,0</kml:coordinates>
          </kml:Point>
          <kml:Polygon>
            <kml:outerBoundaryIs>
              <kml:LinearRing>
                <kml:coordinates>-94.66061470459667,31.587318833678967,0 -94.65966196401614,31.587182818129566,0 -94.6596750922468,31.586884421558622,0 -94.65987218756186,31.586912837427093,0 -94.66058670396515,31.58702594683027,0 -94.66057407715604,31.58709394839158,0 -94.66064410395778,31.587103476375308,0 -94.66064515979814,31.58710363554484,0 -94.66064620884386,31.58710382479301,0 -94.66064724992587,31.587104043908855,0 -94.66064828188406,31.587104292648164,0 -94.66064930356839,31.587104570733814,0 -94.66065031384032,31.587104877855904,0 -94.66065131157401,31.587105213672118,0 -94.66065229565763,31.587105577808273,0 -94.6606532649945,31.58710596985856,0 -94.66065421850438,31.587106389386122,0 -94.66065515512474,31.587106835923418,0 -94.66065607381181,31.5871073089728,0 -94.66065697354182,31.587107808007193,0 -94.66065785331212,31.587108332470386,0 -94.66065871214231,31.587108881777972,0 -94.66065954907529,31.58710945531782,0 -94.66066036317844,31.587110052450768,0 -94.6606611535445,31.58711067251137,0 -94.66066191929272,31.587111314808652,0 -94.66066265956975,31.58711197862687,0 -94.66066337355063,31.58711266322624,0 -94.66066406043973,31.587113367843862,0 -94.66066471947157,31.587114091694556,0 -94.66066534991174,31.587114833971597,0 -94.66066595105768,31.587115593847866,0 -94.6606665222395,31.587116370476533,0 -94.66066706282064,31.587117162992158,0 -94.66066757219872,31.58711797051155,0 -94.66066804980609,31.587118792134834,0 -94.6606684951105,31.587119626946404,0 -94.66066890761573,31.587120474015958,0 -94.66066928686206,31.587121332399548,0 -94.66066963242686,31.587122201140584,0 -94.66066994392507,31.58712307927092,0 -94.66067022100955,31.587123965812065,0 -94.66067046337152,31.587124859776004,0 -94.66067067074086,31.587125760166526,0 -94.66067084288652,31.587126665980247,0 -94.66067097961663,31.587127576207767,0 -94.66067108077884,31.587128489834715,0 -94.66067114626041,31.587129405842948,0 -94.66067117598838,31.58713032321171,0 -94.6606711699296,31.587131240918684,0 -94.66067112809085,31.587132157941166,0 -94.66067105051872,31.587133073257284,0 -94.66067093729966,31.587133985847018,0 -94.66067078855986,31.58713489469331,0 -94.66067060446504,31.587135798783443,0 -94.66067038522039,31.587136697109923,0 -94.66067013107019,31.587137588671595,0 -94.66067013107019,31.587137588671595,0 -94.66061470459667,31.587318833678967,0</kml:coordinates>
              </kml:LinearRing>
            </kml:outerBoundaryIs>
          </kml:Polygon>
        </kml:MultiGeometry>
      </kml:Placemark>
      <kml:Placemark>
        <kml:name>108-25-0030 - 2604 TWINOAKS DR</kml:name>
        <kml:styleUrl>#Submitted_rollover</kml:styleUrl>
        <kml:MultiGeometry>
          <kml:Point>
            <kml:coordinates>-94.6360504209388,31.625797977615175,0</kml:coordinates>
          </kml:Point>
          <kml:Polygon>
            <kml:outerBoundaryIs>
              <kml:LinearRing>
                <kml:coordinates>-94.63578538211532,31.625698194673728,0 -94.63627020940768,31.625623132583552,0 -94.63632771077731,31.625894828176012,0 -94.635815929637,31.625971178440718,0 -94.63578538211532,31.625698194673728,0</kml:coordinates>
              </kml:LinearRing>
            </kml:outerBoundaryIs>
          </kml:Polygon>
        </kml:MultiGeometry>
      </kml:Placemark>
      <kml:Placemark>
        <kml:name>108-25-0031 - OLD TYLER RD LOT 1</kml:name>
        <kml:styleUrl>#Submitted_rollover</kml:styleUrl>
        <kml:MultiGeometry>
          <kml:Point>
            <kml:coordinates>-94.66969946279336,31.627188650406946,0</kml:coordinates>
          </kml:Point>
          <kml:Polygon>
            <kml:outerBoundaryIs>
              <kml:LinearRing>
                <kml:coordinates>-94.67012253930997,31.627164741407146,0 -94.66960401076794,31.627548601381136,0 -94.66928187647072,31.627205846423443,0 -94.66978642578873,31.62683233595274,0 -94.67012253930997,31.627164741407146,0</kml:coordinates>
              </kml:LinearRing>
            </kml:outerBoundaryIs>
          </kml:Polygon>
        </kml:MultiGeometry>
      </kml:Placemark>
      <kml:Placemark>
        <kml:name>108-25-0031 - OLD TYLER RD LOT 2</kml:name>
        <kml:styleUrl>#Submitted_rollover</kml:styleUrl>
        <kml:MultiGeometry>
          <kml:Point>
            <kml:coordinates>-94.66944848304209,31.626928953239368,0</kml:coordinates>
          </kml:Point>
          <kml:Polygon>
            <kml:outerBoundaryIs>
              <kml:LinearRing>
                <kml:coordinates>-94.66960807679041,31.626655953222304,0 -94.66978642578873,31.62683233595274,0 -94.66928187647072,31.627205846423443,0 -94.66911610390413,31.627020153122114,0 -94.66960807679041,31.626655953222304,0</kml:coordinates>
              </kml:LinearRing>
            </kml:outerBoundaryIs>
          </kml:Polygon>
        </kml:MultiGeometry>
      </kml:Placemark>
      <kml:Placemark>
        <kml:name>108-25-0031 - OLD TYLER RD LOT 3</kml:name>
        <kml:styleUrl>#Submitted_rollover</kml:styleUrl>
        <kml:MultiGeometry>
          <kml:Point>
            <kml:coordinates>-94.66934016819621,31.626554697282142,0</kml:coordinates>
          </kml:Point>
          <kml:Polygon>
            <kml:outerBoundaryIs>
              <kml:LinearRing>
                <kml:coordinates>-94.66941040101905,31.62680229009549,0 -94.66910941232848,31.626504617096458,0 -94.66921977727863,31.62627193150283,0 -94.66960807679041,31.626655953222304,0 -94.66941040101905,31.62680229009549,0</kml:coordinates>
              </kml:LinearRing>
            </kml:outerBoundaryIs>
          </kml:Polygon>
        </kml:MultiGeometry>
      </kml:Placemark>
      <kml:Placemark>
        <kml:name>108-25-0031 - OLD TYLER RD LOT 4</kml:name>
        <kml:styleUrl>#Submitted_rollover</kml:styleUrl>
        <kml:MultiGeometry>
          <kml:Point>
            <kml:coordinates>-94.66915883536988,31.62677915029876,0</kml:coordinates>
          </kml:Point>
          <kml:Polygon>
            <kml:outerBoundaryIs>
              <kml:LinearRing>
                <kml:coordinates>-94.66941040101905,31.62680229009549,0 -94.66911610390413,31.627020153122114,0 -94.66895411609114,31.62683203049458,0 -94.66910941232848,31.626504617096458,0 -94.66941040101905,31.62680229009549,0</kml:coordinates>
              </kml:LinearRing>
            </kml:outerBoundaryIs>
          </kml:Polygon>
        </kml:MultiGeometry>
      </kml:Placemark>
      <kml:Placemark>
        <kml:name>108-25-0031 - OLD TYLER RD LOT 5</kml:name>
        <kml:styleUrl>#Submitted_rollover</kml:styleUrl>
        <kml:MultiGeometry>
          <kml:Point>
            <kml:coordinates>-94.66985002199024,31.62755566628791,0</kml:coordinates>
          </kml:Point>
          <kml:Polygon>
            <kml:outerBoundaryIs>
              <kml:LinearRing>
                <kml:coordinates>-94.67011875160607,31.627611283428383,0 -94.6698621446191,31.627357508881694,0 -94.66960401076794,31.627548601381136,0 -94.66977690937185,31.627723503551262,0 -94.67011875160607,31.627611283428383,0</kml:coordinates>
              </kml:LinearRing>
            </kml:outerBoundaryIs>
          </kml:Polygon>
        </kml:MultiGeometry>
      </kml:Placemark>
      <kml:Placemark>
        <kml:name>108-25-0031 - OLD TYLER RD LOT 6</kml:name>
        <kml:styleUrl>#Submitted_rollover</kml:styleUrl>
        <kml:MultiGeometry>
          <kml:Point>
            <kml:coordinates>-94.67014788067895,31.627404668207188,0</kml:coordinates>
          </kml:Point>
          <kml:Polygon>
            <kml:outerBoundaryIs>
              <kml:LinearRing>
                <kml:coordinates>-94.67012253930997,31.627164741407146,0 -94.6698621446191,31.627357508881694,0 -94.67011875160607,31.627611283428383,0 -94.67046059303378,31.62749906240203,0 -94.67012253930997,31.627164741407146,0</kml:coordinates>
              </kml:LinearRing>
            </kml:outerBoundaryIs>
          </kml:Polygon>
        </kml:MultiGeometry>
      </kml:Placemark>
      <kml:Placemark>
        <kml:name>108-25-0032 - FM 3228</kml:name>
        <kml:styleUrl>#Submitted_rollover</kml:styleUrl>
        <kml:MultiGeometry>
          <kml:Point>
            <kml:coordinates>-94.63362836649945,31.54215646171345,0</kml:coordinates>
          </kml:Point>
          <kml:Polygon>
            <kml:outerBoundaryIs>
              <kml:LinearRing>
                <kml:coordinates>
								-94.63542916324893,31.54189521313172,0 -94.6309972170598,31.54195595938184,0 -94.63150257173751,31.5424599332941,0 -94.63150708315843,31.54246762690822,0 -94.63521692376244,31.54244905095542,0 -94.63542916324893,31.54189521313172,0
							</kml:coordinates>
              </kml:LinearRing>
            </kml:outerBoundaryIs>
          </kml:Polygon>
        </kml:MultiGeometry>
      </kml:Placemark>
      <kml:Placemark>
        <kml:name>108-25-0033 - FULGHAM SUBDIVISION</kml:name>
        <kml:styleUrl>#Submitted_rollover</kml:styleUrl>
        <kml:MultiGeometry>
          <kml:Point>
            <kml:coordinates>-94.64709229553529,31.594168737168868,0</kml:coordinates>
          </kml:Point>
          <kml:Polygon>
            <kml:outerBoundaryIs>
              <kml:LinearRing>
                <kml:coordinates>-94.64722714914605,31.594494193264435,0 -94.64698018537213,31.594510436564498,0 -94.64697913925079,31.59451049069,0 -94.64697809162324,31.594510515572278,0 -94.64697704360495,31.594510511184797,0 -94.64697599631185,31.594510477532214,0 -94.64697495085902,31.594510414650404,0 -94.64697390835967,31.594510322606332,0 -94.64697286992379,31.59451020149798,0 -94.64697183665709,31.594510051454268,0 -94.64697080965976,31.594509872634983,0 -94.64696979002531,31.59450966523056,0 -94.64696877883944,31.594509429461795,0 -94.64696777717877,31.59450916557977,0 -94.6469667861099,31.594508873865404,0 -94.64696580668806,31.594508554629325,0 -94.64696483995611,31.594508208211504,0 -94.64696388694341,31.594507834980664,0 -94.6469629486647,31.594507435334343,0 -94.646962026119,31.59450700969802,0 -94.64696112028864,31.594506558524884,0 -94.64696023213811,31.59450608229536,0 -94.64695936261307,31.5945055815165,0 -94.64695851263937,31.594505056721538,0 -94.64695768312207,31.59450450846923,0 -94.64695687494437,31.594503937343347,0 -94.64695608896682,31.594503343952006,0 -94.64695532602626,31.594502728927107,0 -94.64695458693511,31.594502092923385,0 -94.6469538724803,31.59450143661813,0 -94.64695318342254,31.59450076071011,0 -94.64695252049555,31.594500065919004,0 -94.64695188440517,31.59449935298466,0 -94.6469512758287,31.594498622666116,0 -94.64695069541415,31.59449787574103,0 -94.64695014377948,31.594497113004742,0 -94.64694962151209,31.594496335269316,0 -94.64694912916805,31.59449554336289,0 -94.64694866727163,31.594494738128688,0 -94.6469482363146,31.594493920424057,0 -94.64694783675584,31.5944930911197,0 -94.64694746902082,31.59449225109861,0 -94.64694713350106,31.594491401255247,0 -94.6469468305538,31.594490542494437,0 -94.64694656050163,31.594489675730618,0 -94.64694632363208,31.594488801886666,0 -94.64694612019738,31.594487921893048,0 -94.64694595041412,31.594487036686704,0 -94.64694581446308,31.59448614721027,0 -94.64694571248904,31.59448525441071,0 -94.64694564460052,31.594484359238713,0 -94.64694561086986,31.594483462647457,0 -94.64694561086986,31.594483462647457,0 -94.64693497045258,31.593909772333024,0 -94.64693496801331,31.593909060924982,0 -94.64693498708104,31.59390834970112,0 -94.64693502764294,31.593907639137743,0 -94.6469350896719,31.59390692971067,0 -94.64693517312634,31.593906221894954,0 -94.64693527795039,31.593905516164657,0 -94.64693540407387,31.593904812992335,0 -94.64693555141227,31.593904112848925,0 -94.64693571986697,31.59390341620321,0 -94.64693590932515,31.593902723521786,0 -94.64693611965994,31.59390203526843,0 -94.64693635073046,31.59390135190414,0 -94.64693660238197,31.59390067388648,0 -94.646936874446,31.593900001669503,0 -94.6469371667403,31.5938993357034,0 -94.64693747906917,31.593898676434076,0 -94.64693781122341,31.593898024303098,0 -94.64693816298062,31.593897379747133,0 -94.64693853410526,31.593896743197785,0 -94.64693892434876,31.593896115081428,0 -94.64693933344981,31.593895495818572,0 -94.64693976113443,31.593894885824017,0 -94.64694020711623,31.593894285506185,0 -94.64694067109656,31.593893695267116,0 -94.64694115276468,31.59389311550208,0 -94.64694165179807,31.59389254659928,0 -94.6469421678625,31.593891988939735,0 -94.64694270061243,31.5938914428969,0 -94.64694324969108,31.593890908836382,0 -94.64694381473073,31.59389038711588,0 -94.64694439535302,31.593889878084717,0 -94.6469449911691,31.593889382083834,0 -94.64694560177998,31.593888899445364,0 -94.64694622677678,31.593888430492473,0 -94.64694686574094,31.593887975539264,0 -94.64694751824456,31.593887534890353,0 -94.64694818385072,31.593887108840846,0 -94.64694886211366,31.593886697676034,0 -94.64694955257916,31.593886301671304,0 -94.64695025478485,31.593885921091797,0 -94.64695096826053,31.59388555619242,0 -94.64695169252833,31.59388520721747,0 -94.6469524271033,31.593884874400715,0 -94.6469531714935,31.593884557964994,0 -94.64695392520044,31.5938842581222,0 -94.64695468771936,31.59388397507316,0 -94.64695545853968,31.593883709007407,0 -94.64695623714519,31.59388346010309,0 -94.64695702301448,31.593883228526934,0 -94.64695781562128,31.593883014434006,0 -94.64695781562128,31.593883014434006,0 -94.64725140949511,31.59380727182893,0 -94.64722714914605,31.594494193264435,0 -94.64722714914605,31.594494193264435,0</kml:coordinates>
              </kml:LinearRing>
            </kml:outerBoundaryIs>
          </kml:Polygon>
        </kml:MultiGeometry>
      </kml:Placemark>
      <kml:Placemark>
        <kml:name>108-25-0034 - 500 HOLLY CIRCLE</kml:name>
        <kml:styleUrl>#Submitted_rollover</kml:styleUrl>
        <kml:MultiGeometry>
          <kml:Point>
            <kml:coordinates>-94.36746274136094,31.294872824383557,0</kml:coordinates>
          </kml:Point>
          <kml:Polygon>
            <kml:outerBoundaryIs>
              <kml:LinearRing>
                <kml:coordinates>-94.36745413729862,31.295409814900296,0 -94.36744681321038,31.295406416503603,0 -94.3674394486685,31.295403083195986,0 -94.36743204445747,31.295399815332434,0 -94.36742460136588,31.29539661326099,0 -94.3674171201866,31.295393477322808,0 -94.36740960171645,31.29539040785181,0 -94.36740204675623,31.29538740517502,0 -94.36739445611069,31.295384469612248,0 -94.36738683058833,31.295381601476134,0 -94.36737917100139,31.295378801072196,0 -94.36737147816571,31.29537606869873,0 -94.3673637529007,31.29537340464677,0 -94.36735599602919,31.295370809200083,0 -94.36734820837744,31.295368282635074,0 -94.36734039077491,31.295365825220916,0 -94.36733254405429,31.29536343721932,0 -94.36732466905137,31.295361118884653,0 -94.36731676660497,31.29535887046386,0 -94.3673088375568,31.295356692196414,0 -94.36730088275144,31.295354584314325,0 -94.36729290303613,31.295352547042164,0 -94.36728489926088,31.295350580596857,0 -94.36727687227815,31.29534868518789,0 -94.36726882294299,31.295346861017187,0 -94.36726075211273,31.295345108278983,0 -94.36725266064704,31.295343427159974,0 -94.36724454940776,31.29534181783929,0 -94.36723641925886,31.295340280488293,0 -94.36722827106631,31.29533881527074,0 -94.36722010569802,31.295337422342683,0 -94.36721192402374,31.295336101852516,0 -94.36720372691485,31.29533485394086,0 -94.36719551524453,31.295333678740676,0 -94.36718728988741,31.295332576377135,0 -94.36717905171962,31.295331546967606,0 -94.36717080161863,31.295330590621788,0 -94.36716254046317,31.295329707441496,0 -94.36715426913321,31.295328897520843,0 -94.36714598850975,31.295328160946074,0 -94.36713769947475,31.29532749779566,0 -94.36712940291117,31.29532690814022,0 -94.36712109970267,31.295326392042575,0 -94.36711279073364,31.295325949557657,0 -94.36710447688917,31.29532558073268,0 -94.36709615905473,31.295325285606864,0 -94.36708783811632,31.29532506421162,0 -94.36707951496021,31.29532491657061,0 -94.36707119047296,31.29532484269953,0 -94.36706286554124,31.29532484260619,0 -94.36705454105176,31.29532491629064,0 -94.36705454105176,31.29532491629064,0 -94.36663836115046,31.2953304436102,0 -94.36663277396165,31.29533040391274,0 -94.36662719411018,31.295330154926376,0 -94.36662163222276,31.295329697125258,0 -94.36661609889201,31.295329031381275,0 -94.366610604656,31.29532815896235,0 -94.36660515997849,31.29532708152998,0 -94.36659977522875,31.295325801136073,0 -94.36659446066196,31.29532432021923,0 -94.36658922639965,31.295322641599707,0 -94.36658408241041,31.29532076847452,0 -94.36657903849085,31.295318704410924,0 -94.36657410424706,31.295316453339947,0 -94.36656928907622,31.295314019548716,0 -94.36656460214874,31.29531140767234,0 -94.36656005239081,31.295308622685102,0 -94.36655564846735,31.295305669890954,0 -94.36655139876557,31.29530255491348,0 -94.36654731137891,31.295299283685086,0 -94.36654339409174,31.2952958624358,0 -94.36653965436446,31.295292297681293,0 -94.36653609931929,31.295288596210618,0 -94.36653273572674,31.29528476507314,0 -94.36652956999271,31.295280811565252,0 -94.36652660814622,31.29527674321626,0 -94.36652385582806,31.295272567774305,0 -94.36652131827995,31.295268293191455,0 -94.36651900033456,31.29526392760859,0 -94.36651690640637,31.29525947933988,0 -94.36651504048316,31.29525495685696,0 -94.36651340611856,31.295250368772823,0 -94.36651200642513,31.295245723825374,0 -94.3665108440685,31.295241030860854,0 -94.36650992126238,31.295236298816896,0 -94.36650923976414,31.29523153670562,0 -94.36650880087169,31.295226753596378,0 -94.36650860542083,31.295221958598443,0 -94.36650865378377,31.29521716084389,0 -94.36650894586836,31.29521236946984,0 -94.36650948111829,31.29520759360147,0 -94.36651025851415,31.29520284233425,0 -94.36651127657538,31.29519812471691,0 -94.36651253336308,31.295193449734004,0 -94.36651402648367,31.295188826288957,0 -94.3665157530935,31.295184263187036,0 -94.36651770990426,31.29517976911855,0 -94.36651989318919,31.29517535264235,0 -94.3665222987903,31.29517102216954,0 -94.36652492212608,31.295166785947387,0 -94.36652775820043,31.295162652043665,0 -94.36653080161214,31.29515862833132,0 -94.36653080161214,31.29515862833132,0 -94.36653710081052,31.295150608524178,0 -94.36654332679302,31.29514254666871,0 -94.36654947917904,31.295134443257698,0 -94.36655555759249,31.29512629878665,0 -94.36656156166177,31.29511811375334,0 -94.36656749101982,31.295109888658285,0 -94.36657334530419,31.295101624004285,0 -94.36657912415698,31.295093320296555,0 -94.36658482722495,31.295084978042837,0 -94.3665904541594,31.2950765977531,0 -94.36659600461641,31.295068179939616,0 -94.36660147825663,31.29505972511709,0 -94.36660687474549,31.295051233802376,0 -94.36661219375304,31.29504270651458,0 -94.36661743495416,31.29503414377502,0 -94.36662259802847,31.295025546107208,0 -94.36662768266028,31.295016914036754,0 -94.36663268853881,31.295008248091367,0 -94.36663761535803,31.294999548800824,0 -94.36664246281677,31.294990816697,0 -94.3666472306187,31.294982052313724,0 -94.36665191847234,31.294973256186783,0 -94.36665652609115,31.294964428853955,0 -94.36666105319347,31.294955570854864,0 -94.36666549950252,31.29494668273106,0 -94.36666986474654,31.294937765025928,0 -94.36667414865865,31.29492881828466,0 -94.366678350977,31.29491984305418,0 -94.36668247144469,31.29491083988321,0 -94.36668650980982,31.294901809322184,0 -94.36669046582557,31.294892751923147,0 -94.36669433925009,31.29488366823981,0 -94.36669812984663,31.294874558827516,0 -94.36670183738343,31.29486542424319,0 -94.36670546163388,31.294856265045265,0 -94.36670900237642,31.294847081793666,0 -94.36671245939465,31.294837875049836,0 -94.3667158324772,31.294828645376597,0 -94.36671912141793,31.29481939333825,0 -94.36672232601576,31.29481011950035,0 -94.36672544607481,31.29480082442988,0 -94.36672848140438,31.294791508695177,0 -94.3667314318189,31.29478217286559,0 -94.36673429713804,31.294772817511983,0 -94.36673707718667,31.294763443206246,0 -94.36673977179483,31.29475405052148,0 -94.3667423807978,31.294744640031926,0 -94.36674490403617,31.294735212312837,0 -94.36674734135563,31.29472576794067,0 -94.36674969260726,31.29471630749268,0 -94.36674969260726,31.29471630749268,0 -94.3667523905708,31.294705451939958,0 -94.36675518704617,31.294694614786355,0 -94.36675808186325,31.294683796691064,0 -94.36676107484593,31.294672998312112,0 -94.3667641658121,31.294662220306332,0 -94.36676735457374,31.294651463329384,0 -94.36677064093682,31.294640728035528,0 -94.36677402470144,31.29463001507782,0 -94.3667775056617,31.294619325107853,0 -94.36678108360586,31.294608658775893,0 -94.36678475831624,31.294598016730752,0 -94.36678852956929,31.294587399619772,0 -94.36679239713558,31.29457680808875,0 -94.3667963607798,31.29456624278193,0 -94.36680042026086,31.294555704342034,0 -94.36680457533177,31.294545193410016,0 -94.36680882573975,31.294534710625282,0 -94.36681317122624,31.294524256625454,0 -94.36681761152688,31.294513832046388,0 -94.36682214637158,31.29450343752223,0 -94.36682677548443,31.29449307368524,0 -94.36683149858382,31.294482741165826,0 -94.36683631538244,31.294472440592532,0 -94.36684122558727,31.294462172591803,0 -94.36684622889959,31.29445193778829,0 -94.36685132501502,31.29444173680456,0 -94.3668565136236,31.2944315702611,0 -94.36686179440964,31.294421438776304,0 -94.36686716705192,31.294411342966438,0 -94.36687263122361,31.294401283445595,0 -94.36687818659229,31.294391260825687,0 -94.36688383282002,31.294381275716407,0 -94.36688956956336,31.29437132872501,0 -94.36689539647327,31.294361420456628,0 -94.36690131319536,31.294351551513937,0 -94.36690731936963,31.294341722497222,0 -94.36691341463077,31.29433193400437,0 -94.36691959860798,31.29432218663079,0 -94.36692587092507,31.294312480969356,0 -94.3669322312005,31.294302817610472,0 -94.36693867904737,31.29429319714191,0 -94.3669452140734,31.294283620148853,0 -94.36695183588112,31.294274087213847,0 -94.36695854406771,31.2942645989168,0 -94.36696533822509,31.29425515583475,0 -94.36697221793996,31.294245758542186,0 -94.36697918279383,31.294236407610672,0 -94.36698623236303,31.29422710360901,0 -94.36699336621874,31.294217847103138,0 -94.36700058392698,31.29420863865607,0 -94.36700058392698,31.29420863865607,0 -94.36700825896494,31.294199225202103,0 -94.36701624826894,31.294190006576375,0 -94.36702454513612,31.29418099051305,0 -94.36703314260559,31.294172184576265,0 -94.3670420334643,31.294163596153957,0 -94.36705121025304,31.29415523245141,0 -94.36706066527272,31.29414710048563,0 -94.36707039059085,31.29413920707895,0 -94.36708037804813,31.294131558853774,0 -94.36709061926538,31.2941241622266,0 -94.3671011056505,31.294117023402965,0 -94.36711182840578,31.2941101483721,0 -94.36712277853513,31.29410354290192,0 -94.36713394685174,31.294097212534208,0 -94.36714532398572,31.294091162579825,0 -94.36715690039206,31.294085398114568,0 -94.36716866635851,31.29407992397454,0 -94.36718061201384,31.294074744752443,0 -94.36719272733603,31.294069864793336,0 -94.36720500216077,31.294065288191394,0 -94.36721742618988,31.29406101878625,0 -94.36722998900008,31.294057060159716,0 -94.36724268005155,31.29405341563297,0 -94.36725548869701,31.294050088263653,0 -94.36726840419044,31.29404708084323,0 -94.36728141569621,31.2940443958949,0 -94.36729451229819,31.29404203567121,0 -94.36730768300873,31.29404000215227,0 -94.36732091677818,31.29403829704416,0 -94.36733420250383,31.294036921777405,0 -94.36734752903946,31.294035877505763,0 -94.36736088520463,31.294035165105374,0 -94.36737425979402,31.294034785173924,0 -94.36738764158683,31.294034738030124,0 -94.36740101935624,31.29403502371356,0 -94.36741438187882,31.294035641984525,0 -94.36742771794387,31.294036592324336,0 -94.36744101636299,31.294037873935704,0 -94.36745426597925,31.294039485743387,0 -94.36746745567675,31.29404142639511,0 -94.3674805743898,31.294043694262783,0 -94.3674936111123,31.29404628744374,0 -94.3675065549069,31.294049203762334,0 -94.36751939491423,31.294052440771978,0 -94.367532120362,31.294055995756906,0 -94.36754472057403,31.294059865734596,0 -94.36755718497915,31.294064047458317,0 -94.36756950312018,31.294068537419708,0 -94.36758166466264,31.29407333185188,0 -94.36759365940341,31.29407842673248,0 -94.36759365940341,31.29407842673248,0 -94.36775889768894,31.2941511895931,0 -94.36777088332727,31.294157130266665,0 -94.36778270872517,31.294163303204183,0 -94.36779436777995,31.294169705219986,0 -94.36780585447468,31.294176333010235,0 -94.36781716288148,31.29418318315452,0 -94.36782828716436,31.294190252117716,0 -94.36783922158243,31.29419753625176,0 -94.36784996049273,31.29420503179756,0 -94.36786049835324,31.294212734886898,0 -94.36787082972562,31.294220641544438,0 -94.36788094927816,31.294228747689832,0 -94.36789085178842,31.29423704913976,0 -94.36790053214597,31.294245541610078,0 -94.36790998535501,31.294254220718113,0 -94.36791920653702,31.294263081984862,0 -94.36792819093317,31.294272120837284,0 -94.36793693390676,31.294281332610712,0 -94.36794543094582,31.294290712551245,0 -94.36795367766518,31.294300255818175,0 -94.3679616698089,31.294309957486536,0 -94.36796940325239,31.294319812549574,0 -94.3679768740046,31.294329815921373,0 -94.36798407821,31.29433996243955,0 -94.36799101215063,31.29435024686777,0 -94.36799767224801,31.294360663898534,0 -94.36800405506499,31.294371208155926,0 -94.36801015730747,31.294381874198404,0 -94.36801597582617,31.29439265652151,0 -94.36802150761824,31.294403549560748,0 -94.36802674982879,31.29441454769465,0 -94.36803169975238,31.294425645247312,0 -94.36803635483435,31.29443683649164,0 -94.36804071267225,31.29444811565215,0 -94.36804477101707,31.29445947690802,0 -94.36804852777426,31.294470914395976,0 -94.36805198100498,31.29448242221347,0 -94.36805512892695,31.294493994421664,0 -94.36805796991557,31.294505625048398,0 -94.36806050250456,31.294517308091514,0 -94.36806272538678,31.29452903752165,0 -94.36806463741496,31.294540807285603,0 -94.36806623760225,31.294552611309307,0 -94.3680675251227,31.294564443500974,0 -94.36806849931176,31.2945762977544,0 -94.36806915966653,31.294588167951854,0 -94.36806950584614,31.294600047967474,0 -94.36806953767179,31.294611931670307,0 -94.36806925512694,31.29462381292748,0 -94.3680686583573,31.29463568560733,0 -94.36806774767074,31.294647543582716,0 -94.36806774767074,31.294647543582716,0 -94.3680666620334,31.29466070575527,0 -94.36806577581297,31.294673878938017,0 -94.36806508915937,31.294687060903172,0 -94.36806460218888,31.29470024942144,0 -94.36806431498388,31.29471344226247,0 -94.36806422759304,31.294726637195044,0 -94.36806434003124,31.294739831987748,0 -94.36806465227953,31.294753024409083,0 -94.36806516428518,31.29476621222801,0 -94.3680658759617,31.294779393214235,0 -94.36806678718881,31.29479256513862,0 -94.36806789781248,31.29480572577362,0 -94.36806920764498,31.29481887289344,0 -94.36807071646486,31.294832004274795,0 -94.36807242401706,31.294845117696823,0 -94.36807433001286,31.29485821094195,0 -94.36807643413,31.294871281795743,0 -94.36807873601276,31.294884328047793,0 -94.3680812352719,31.294897347491695,0 -94.36808393148482,31.294910337925632,0 -94.36808682419564,31.29492329715273,0 -94.36808991291525,31.294936222981292,0 -94.36809319712134,31.29494911322542,0 -94.36809667625857,31.294961965705063,0 -94.36810034973867,31.294974778246644,0 -94.36810421694042,31.294987548683377,0 -94.36810827720991,31.29500027485551,0 -94.36811252986055,31.295012954610826,0 -94.36811697417322,31.295025585804947,0 -94.36812160939635,31.295038166301726,0 -94.36812643474616,31.29505069397351,0 -94.36813144940663,31.2950631667017,0 -94.3681366525298,31.295075582376903,0 -94.36814204323575,31.295087938899407,0 -94.36814762061292,31.29510023417946,0 -94.36815338371812,31.295112466137745,0 -94.36815933157679,31.295124632705598,0 -94.3681654631831,31.295136731825412,0 -94.36817177750015,31.29514876145098,0 -94.36817827346012,31.29516071954792,0 -94.36818494996452,31.29517260409381,0 -94.36819180588427,31.29518441307883,0 -94.36819884005996,31.295196144505816,0 -94.36820605130207,31.295207796390724,0 -94.36821343839108,31.295219366763046,0 -94.36822100007775,31.29523085366597,0 -94.36822873508335,31.29524225515687,0 -94.36823664209975,31.295253569307533,0 -94.36824471978983,31.2952647942045,0 -94.36825296678751,31.295275927949422,0 -94.36825296678751,31.295275927949422,0 -94.36825406273442,31.2952773848452,0 -94.36825516042258,31.295278840774074,0 -94.36825625985082,31.295280295734436,0 -94.368257361018,31.295281749724808,0 -94.36825846392294,31.295283202743693,0 -94.3682595685645,31.29528465478943,0 -94.3682606749415,31.29528610586059,0 -94.36826178305277,31.295287555955632,0 -94.36826289289715,31.295289005073027,0 -94.36826400447347,31.29529045321121,0 -94.36826511778057,31.29529190036867,0 -94.36826623281726,31.295293346543907,0 -94.36826734958237,31.295294791735387,0 -94.36826846807472,31.29529623594158,0 -94.36826958829315,31.295297679160967,0 -94.36827071023644,31.29529912139201,0 -94.36827183390344,31.295300562633237,0 -94.36827295929295,31.295302002883062,0 -94.36827408640382,31.29530344214004,0 -94.36827521523479,31.29530488040257,0 -94.36827634578475,31.295306317669183,0 -94.36827747805245,31.29530775393839,0 -94.3682786120367,31.295309189208623,0 -94.36827974773637,31.295310623478407,0 -94.36828088515018,31.29531205674622,0 -94.368282024277,31.29531348901056,0 -94.36828316511557,31.2953149202699,0 -94.36828430766471,31.295316350522732,0 -94.36828545192323,31.295317779767583,0 -94.36828659788992,31.295319208002883,0 -94.36828774556356,31.295320635227178,0 -94.36828889494295,31.295322061438963,0 -94.36829004602689,31.29532348663672,0 -94.36829119881412,31.2953249108189,0 -94.36829235330349,31.295326333984097,0 -94.36829350949372,31.29532775613073,0 -94.36829466738364,31.29532917725736,0 -94.36829582697202,31.29533059736246,0 -94.36829698825761,31.295332016444554,0 -94.36829815123922,31.295333434502076,0 -94.3682993159156,31.295334851533603,0 -94.36830048228553,31.29533626753763,0 -94.3683016503478,31.29533768251267,0 -94.36830282010115,31.295339096457173,0 -94.36830399154437,31.295340509369712,0 -94.3683051646762,31.295341921248795,0 -94.36830633949543,31.295343332092934,0 -94.3683075160008,31.2953447419006,0 -94.36830869419109,31.295346150670326,0 -94.36830987406503,31.295347558400653,0 -94.36830987406503,31.295347558400653,0 -94.36789203590561,31.295897162726753,0 -94.36788839500122,31.295884880730668,0 -94.36788451647962,31.295872652487553,0 -94.36788040141597,31.29586048138702,0 -94.36787605095105,31.29584837080272,0 -94.36787146629084,31.295836324091596,0 -94.36786664870625,31.295824344592877,0 -94.36786159953277,31.295812435627173,0 -94.36785632017006,31.295800600495536,0 -94.36785081208157,31.295788842478498,0 -94.36784507679421,31.295777164835368,0 -94.36783911589781,31.29576557080297,0 -94.36783293104472,31.2957540635951,0 -94.36782652394942,31.295742646401397,0 -94.36781989638799,31.295731322386622,0 -94.36781305019755,31.29572009468967,0 -94.36780598727591,31.29570896642267,0 -94.3677987095809,31.29569794067036,0 -94.36779121912988,31.295687020488913,0 -94.36778351799919,31.295676208905245,0 -94.36777560832356,31.295665508916258,0 -94.36776749229557,31.29565492348789,0 -94.36775917216492,31.295644455554214,0 -94.36775065023795,31.29563410801688,0 -94.36774192887688,31.295623883744135,0 -94.36773301049924,31.295613785569962,0 -94.36772389757718,31.295603816293514,0 -94.36771459263673,31.29559397867809,0 -94.36770509825718,31.29558427545064,0 -94.36769541707034,31.295574709300734,0 -94.36768555175972,31.295565282880016,0 -94.36767550505995,31.29555599880135,0 -94.3676652797559,31.295546859638172,0 -94.36765487868193,31.29553786792382,0 -94.36764430472118,31.295529026150575,0 -94.36763356080465,31.295520336769332,0 -94.36762264991046,31.295511802188635,0 -94.36761157506301,31.295503424774278,0 -94.36760033933213,31.295495206848194,0 -94.36758894583232,31.295487150688444,0 -94.3675773977217,31.295479258528015,0 -94.36756569820132,31.295471532554547,0 -94.36755385051416,31.29546397490954,0 -94.36754185794429,31.295456587687926,0 -94.36752972381592,31.29544937293731,0 -94.3675174514925,31.295442332657522,0 -94.36750504437576,31.295435468800054,0 -94.36749250590488,31.2954287832675,0 -94.36747983955534,31.295422277912955,0 -94.36746704883811,31.295415954539635,0 -94.36745413729862,31.295409814900296,0 -94.36745413729862,31.295409814900296,0 -94.36745413729862,31.295409814900296,0</kml:coordinates>
              </kml:LinearRing>
            </kml:outerBoundaryIs>
          </kml:Polygon>
        </kml:MultiGeometry>
      </kml:Placemark>
      <kml:Placemark>
        <kml:name>108-25-0035 - CR 3260 TITUS CO</kml:name>
        <kml:styleUrl>#Submitted_rollover</kml:styleUrl>
        <kml:MultiGeometry>
          <kml:Point>
            <kml:coordinates>-94.92104116674612,33.26547881367951,0</kml:coordinates>
          </kml:Point>
          <kml:Polygon>
            <kml:outerBoundaryIs>
              <kml:LinearRing>
                <kml:coordinates>
									-94.92144482919778,33.2657135932791,0 -94.92143823365811,33.26525869073495,0 -94.92053440277793,33.26526237798917,0 -94.92055415635103,33.26572094716554,0 -94.92144482919778,33.2657135932791,0
							</kml:coordinates>
              </kml:LinearRing>
            </kml:outerBoundaryIs>
          </kml:Polygon>
        </kml:MultiGeometry>
      </kml:Placemark>
      <kml:Placemark>
        <kml:name>108-25-0036 - 1315 W SEALE ST</kml:name>
        <kml:styleUrl>#Submitted_rollover</kml:styleUrl>
        <kml:MultiGeometry>
          <kml:Point>
            <kml:coordinates>-94.67884649537959,31.5955111631486,0</kml:coordinates>
          </kml:Point>
          <kml:Polygon>
            <kml:outerBoundaryIs>
              <kml:LinearRing>
                <kml:coordinates>-94.67862276271221,31.595480421079134,0 -94.67865366606603,31.59528532881549,0 -94.67911082575891,31.595342632029258,0 -94.67904374222242,31.59573539701343,0 -94.67857745432414,31.59567694977179,0 -94.67861132438433,31.595478987311566,0 -94.67862276271221,31.595480421079134,0</kml:coordinates>
              </kml:LinearRing>
            </kml:outerBoundaryIs>
          </kml:Polygon>
        </kml:MultiGeometry>
      </kml:Placemark>
      <kml:Placemark>
        <kml:name>108-25-0037 - 216 220 MITCHELL ST</kml:name>
        <kml:styleUrl>#Submitted_rollover</kml:styleUrl>
        <kml:MultiGeometry>
          <kml:Point>
            <kml:coordinates>-94.65462246929656,31.62506956750821,0</kml:coordinates>
          </kml:Point>
          <kml:Polygon>
            <kml:outerBoundaryIs>
              <kml:LinearRing>
                <kml:coordinates>
								-94.65486537788003,31.62493648259718,0 -94.65486736893592,31.62493563492315,0 -94.65438454127366,31.62493054515028,0 -94.65439548808256,31.62522977809259,0 -94.65487134875706,31.62523741092271,0 -94.65486537788003,31.62493648259718,0
							</kml:coordinates>
              </kml:LinearRing>
            </kml:outerBoundaryIs>
          </kml:Polygon>
        </kml:MultiGeometry>
      </kml:Placemark>
      <kml:Placemark>
        <kml:name>108-25-0038 - 304 LENWOOD DR</kml:name>
        <kml:styleUrl>#Submitted_rollover</kml:styleUrl>
        <kml:MultiGeometry>
          <kml:Point>
            <kml:coordinates>-94.66570111873312,31.584266872128374,0</kml:coordinates>
          </kml:Point>
          <kml:Polygon>
            <kml:outerBoundaryIs>
              <kml:LinearRing>
                <kml:coordinates>-94.66564304429455,31.584004784579122,0 -94.66586447388727,31.584033439282447,0 -94.66575815740825,31.584531829776086,0 -94.66553793114396,31.5844972686664,0 -94.66564304429455,31.584004784579122,0</kml:coordinates>
              </kml:LinearRing>
            </kml:outerBoundaryIs>
          </kml:Polygon>
        </kml:MultiGeometry>
      </kml:Placemark>
      <kml:Placemark>
        <kml:name>108-25-0039 - 917 CIRCLE DR</kml:name>
        <kml:styleUrl>#Submitted_rollover</kml:styleUrl>
        <kml:MultiGeometry>
          <kml:Point>
            <kml:coordinates>-94.70713838657089,31.35257850679633,0</kml:coordinates>
          </kml:Point>
          <kml:Polygon>
            <kml:outerBoundaryIs>
              <kml:LinearRing>
                <kml:coordinates>
									-94.7071699462099,31.35236541117648,0 -94.70736178912288,31.35268060584663,0 -94.70730903693506,31.35271308528607,0 -94.70704833686892,31.35277305978002,0 -94.70694220131563,31.35244168444774,0 -94.70694692877238,31.3524405782509,0 -94.70695165061117,31.35243945452138,0 -94.70695636674367,31.35243831328015,0 -94.70696107708167,31.35243715454858,0 -94.70696578153709,31.35243597834837,0 -94.70697048002206,31.35243478470146,0 -94.70697517244862,31.35243357363021,0 -94.70697985872908,31.35243234515721,0 -94.70698453877579,31.35243109930549,0 -94.70698921250124,31.35242983609829,0 -94.7069938798181,31.35242855555929,0 -94.70699854063903,31.35242725771238,0 -94.70700319487689,31.35242594258187,0 -94.70700784244468,31.35242461019234,0 -94.7070124832555,31.35242326056866,0 -94.70701711722252,31.35242189373612,0 -94.70702174425918,31.35242050972024,0 -94.70702636427887,31.35241910854694,0 -94.70703097719532,31.35241769024239,0 -94.70703558292215,31.35241625483309,0 -94.70704018137332,31.35241480234595,0 -94.70704477246284,31.35241333280801,0 -94.70704935610485,31.3524118462469,0 -94.70705393221361,31.35241034269029,0 -94.70705850070364,31.35240882216636,0 -94.70706306148945,31.35240728470351,0 -94.70706761448577,31.35240573033054,0 -94.70707215960746,31.35240415907642,0 -94.70707669676959,31.35240257097063,0 -94.70708122588729,31.35240096604279,0 -94.70708574687585,31.35239934432295,0 -94.70709025965074,31.35239770584143,0 -94.70709476412763,31.35239605062884,0 -94.70709926022222,31.35239437871614,0 -94.7071037478505,31.35239269013466,0 -94.70710822692854,31.35239098491587,0 -94.70711269737259,31.35238926309167,0 -94.70711715909904,31.35238752469433,0 -94.70712161202451,31.3523857697563,0 -94.7071260560657,31.35238399831038,0 -94.70713049113954,31.35238221038972,0 -94.70713491716309,31.35238040602776,0 -94.70713933405358,31.35237858525822,0 -94.70714374172842,31.35237674811514,0 -94.70714814010522,31.35237489463291,0 -94.70715252910173,31.35237302484612,0 -94.70715690863588,31.35237113878981,0 -94.70716127862579,31.35236923649918,0 -94.70716563898975,31.35236731800982,0 -94.70716998964618,31.35236538335763,0 -94.70716998964618,31.35236538335763,0 -94.7071699462099,31.35236541117648,0
								</kml:coordinates>
              </kml:LinearRing>
            </kml:outerBoundaryIs>
          </kml:Polygon>
        </kml:MultiGeometry>
      </kml:Placemark>
      <kml:Placemark>
        <kml:name>108-25-0054 - 295 PR 8557</kml:name>
        <kml:styleUrl>#Submitted_rollover</kml:styleUrl>
        <kml:MultiGeometry>
          <kml:Point>
            <kml:coordinates>-94.09820527453803,31.16101771053072,0</kml:coordinates>
          </kml:Point>
          <kml:Polygon>
            <kml:outerBoundaryIs>
              <kml:LinearRing>
                <kml:coordinates>
									-94.09908969774911,31.16001975418558,0 -94.09865605245281,31.15996838524797,0 -94.09844202316015,31.15996139043486,0 -94.09723557050916,31.16151179213144,0 -94.09749700439488,31.16212148668058,0 -94.09785148203952,31.162191930576,0 -94.09948017451158,31.16012092374667,0 -94.09908969774911,31.16001975418558,0
							</kml:coordinates>
              </kml:LinearRing>
            </kml:outerBoundaryIs>
          </kml:Polygon>
        </kml:MultiGeometry>
      </kml:Placemark>
      <kml:Placemark>
        <kml:name>108-25-0061 - 2 LOTS ON POWERS ST</kml:name>
        <kml:styleUrl>#Submitted_rollover</kml:styleUrl>
        <kml:MultiGeometry>
          <kml:Point>
            <kml:coordinates>-94.66902951513281,31.61044211168361,0</kml:coordinates>
          </kml:Point>
          <kml:Polygon>
            <kml:outerBoundaryIs>
              <kml:LinearRing>
                <kml:coordinates>
										-94.66847256319588,31.61036261556368,0 -94.66828039382365,31.61037741846896,0 -94.66828997345364,31.61067775938813,0 -94.66848383246432,31.6106672218542,0 -94.66847256319588,31.61036261556368,0
				</kml:coordinates>
              </kml:LinearRing>
            </kml:outerBoundaryIs>
          </kml:Polygon>
          <kml:Polygon>
            <kml:outerBoundaryIs>
              <kml:LinearRing>
                <kml:coordinates>
										-94.66908201762976,31.61060993495029,0 -94.66907251640141,31.61032952432753,0 -94.66883519953608,31.61034019087723,0 -94.66883977234532,31.61064196945187,0 -94.66908201762976,31.61060993495029,0
				</kml:coordinates>
              </kml:LinearRing>
            </kml:outerBoundaryIs>
          </kml:Polygon>
        </kml:MultiGeometry>
      </kml:Placemark>
      <kml:Placemark>
        <kml:name>108-25-0063 - 421 TOWNSEND DR</kml:name>
        <kml:styleUrl>#Submitted_rollover</kml:styleUrl>
        <kml:MultiGeometry>
          <kml:Point>
            <kml:coordinates>-94.67025659373989,31.59154623759914,0</kml:coordinates>
          </kml:Point>
          <kml:Polygon>
            <kml:outerBoundaryIs>
              <kml:LinearRing>
                <kml:coordinates>
									-94.67036167485229,31.5917590676653,0 -94.67043172743033,31.59138512299758,0 -94.67008963271465,31.59132942948928,0 -94.67008846515108,31.59133340761728,0 -94.67003242195108,31.5917103355336,0 -94.67036167485229,31.5917590676653,0
							</kml:coordinates>
              </kml:LinearRing>
            </kml:outerBoundaryIs>
          </kml:Polygon>
        </kml:MultiGeometry>
      </kml:Placemark>
      <kml:Placemark>
        <kml:name>108-25-0068 - 23311 FM 95 S</kml:name>
        <kml:styleUrl>#Submitted_rollover</kml:styleUrl>
        <kml:MultiGeometry>
          <kml:Point>
            <kml:coordinates>-94.56737038235451,31.89398613889052,0</kml:coordinates>
          </kml:Point>
          <kml:Polygon>
            <kml:outerBoundaryIs>
              <kml:LinearRing>
                <kml:coordinates>
									-94.56846285603163,31.8931982374897,0 -94.56580212979884,31.89410580170893,0 -94.5658138768287,31.89411577550086,0 -94.56581974947471,31.894140709539,0 -94.5663189866098,31.8948687889096,0 -94.56893860723528,31.89394126098084,0 -94.56846285603163,31.8931982374897,0
							</kml:coordinates>
              </kml:LinearRing>
            </kml:outerBoundaryIs>
          </kml:Polygon>
        </kml:MultiGeometry>
      </kml:Placemark>
      <kml:Placemark>
        <kml:name>108-25-0071 - 317 CR 4643</kml:name>
        <kml:styleUrl>#Submitted_rollover</kml:styleUrl>
        <kml:MultiGeometry>
          <kml:Point>
            <kml:coordinates>-94.29152641475784,31.94255870606792,0</kml:coordinates>
          </kml:Point>
          <kml:Polygon>
            <kml:outerBoundaryIs>
              <kml:LinearRing>
                <kml:coordinates>
									-94.29322691004016,31.94175883090715,0 -94.2899596662004,31.94195878359762,0 -94.28760314384924,31.94152634730522,0 -94.28698527016405,31.9427639810278,0 -94.29034813784821,31.94356934682166,0 -94.29374920545825,31.94419087535148,0 -94.29427780309169,31.94280729971746,0 -94.29322691004016,31.94175883090715,0
							</kml:coordinates>
              </kml:LinearRing>
            </kml:outerBoundaryIs>
          </kml:Polygon>
        </kml:MultiGeometry>
      </kml:Placemark>
      <kml:Placemark>
        <kml:name>108-25-0075 - 186 HWY 84 WEST</kml:name>
        <kml:styleUrl>#Submitted_rollover</kml:styleUrl>
        <kml:MultiGeometry>
          <kml:Point>
            <kml:coordinates>-94.40935635182346,31.90304012050848,0</kml:coordinates>
          </kml:Point>
          <kml:Polygon>
            <kml:outerBoundaryIs>
              <kml:LinearRing>
                <kml:coordinates>
									-94.40890105329115,31.90211323528081,0 -94.40839417392984,31.90242975185372,0 -94.40946377227237,31.90385618742788,0 -94.41002793266861,31.90354308635762,0 -94.40890105329115,31.90211323528081,0
							</kml:coordinates>
              </kml:LinearRing>
            </kml:outerBoundaryIs>
          </kml:Polygon>
        </kml:MultiGeometry>
      </kml:Placemark>
      <kml:Placemark>
        <kml:name>108-25-0079 - 186 CR 721</kml:name>
        <kml:styleUrl>#Submitted_rollover</kml:styleUrl>
        <kml:MultiGeometry>
          <kml:Point>
            <kml:coordinates>-94.74270036655825,31.55308406636616,0</kml:coordinates>
          </kml:Point>
          <kml:Polygon>
            <kml:outerBoundaryIs>
              <kml:LinearRing>
                <kml:coordinates>
									-94.74283955323706,31.55326323597044,0 -94.74281970449326,31.55298723794117,0 -94.74223444760661,31.55299443996552,0 -94.74223728829701,31.5529968612836,0 -94.74228554465313,31.55328012513417,0 -94.74283955323706,31.55326323597044,0
							</kml:coordinates>
              </kml:LinearRing>
            </kml:outerBoundaryIs>
          </kml:Polygon>
        </kml:MultiGeometry>
      </kml:Placemark>
      <kml:Placemark>
        <kml:name>108-25-0081 - 1377 FM 3276</kml:name>
        <kml:styleUrl>#Submitted_rollover</kml:styleUrl>
        <kml:MultiGeometry>
          <kml:Point>
            <kml:coordinates>-94.466047,31.576158,0</kml:coordinates>
          </kml:Point>
          <kml:Polygon>
            <kml:outerBoundaryIs>
              <kml:LinearRing>
                <kml:coordinates>
								-94.46557110373621,31.57544714971272,0 -94.46558989954144,31.57680293919531,0 -94.4664929700524,31.57678148942245,0 -94.46646784604923,31.57542569637609,0 -94.46557110373621,31.57544714971272,0
							</kml:coordinates>
              </kml:LinearRing>
            </kml:outerBoundaryIs>
          </kml:Polygon>
        </kml:MultiGeometry>
      </kml:Placemark>
      <kml:Placemark>
        <kml:name>108-25-0085 - 924 LAUREL LN</kml:name>
        <kml:styleUrl>#Submitted_rollover</kml:styleUrl>
        <kml:MultiGeometry>
          <kml:Point>
            <kml:coordinates>-94.6744858449478,31.58321014408428,0</kml:coordinates>
          </kml:Point>
          <kml:Polygon>
            <kml:outerBoundaryIs>
              <kml:LinearRing>
                <kml:coordinates>
									-94.67475554319931,31.58326779026898,0 -94.67426616382023,31.58287930254768,0 -94.67426224095497,31.58288515076284,0 -94.6741435736289,31.58301214010531,0 -94.67408865316285,31.58303051995773,0 -94.67436717719215,31.58360698604375,0 -94.67475554319931,31.58326779026898,0
			</kml:coordinates>
              </kml:LinearRing>
            </kml:outerBoundaryIs>
          </kml:Polygon>
        </kml:MultiGeometry>
      </kml:Placemark>
      <kml:Placemark>
        <kml:name>108-25-0088 - 232 S SANDERS</kml:name>
        <kml:styleUrl>#Submitted_rollover</kml:styleUrl>
        <kml:MultiGeometry>
          <kml:Point>
            <kml:coordinates>-94.66440860234488,31.6019971869074,0</kml:coordinates>
          </kml:Point>
          <kml:Polygon>
            <kml:outerBoundaryIs>
              <kml:LinearRing>
                <kml:coordinates>
									-94.66354981806086,31.602500557787,0 -94.66414530983806,31.60248487314309,0 -94.66470806059488,31.6023837843422,0 -94.6645545796158,31.60172671233389,0 -94.66455457959299,31.6017197407423,0 -94.66396318456886,31.60173891364164,0 -94.66395499919881,31.60173891363401,0 -94.66389770085712,31.6019916333484,0 -94.66352117230868,31.6020003466204,0 -94.66350889420119,31.60200034656243,0 -94.66354981806086,31.602500557787,0
							</kml:coordinates>
              </kml:LinearRing>
            </kml:outerBoundaryIs>
          </kml:Polygon>
        </kml:MultiGeometry>
      </kml:Placemark>
      <kml:Placemark>
        <kml:name>108-25-0091 - 1709 CR 4653</kml:name>
        <kml:styleUrl>#Submitted_rollover</kml:styleUrl>
        <kml:MultiGeometry>
          <kml:Point>
            <kml:coordinates>-94.31846405745971,31.94861728604234,0</kml:coordinates>
          </kml:Point>
          <kml:Polygon>
            <kml:outerBoundaryIs>
              <kml:LinearRing>
                <kml:coordinates>
									-94.3181130743798,31.94877960505482,0 -94.31811846953093,31.94877960507167,0 -94.31867147619261,31.94898790136077,0 -94.31862022009906,31.94813869673442,0 -94.31849073659166,31.9481066514754,0 -94.3181130743798,31.94877960505482,0
							</kml:coordinates>
              </kml:LinearRing>
            </kml:outerBoundaryIs>
          </kml:Polygon>
        </kml:MultiGeometry>
      </kml:Placemark>
      <kml:Placemark>
        <kml:name>108-25-0093 - STALLINGS DRIVE</kml:name>
        <kml:styleUrl>#Submitted_rollover</kml:styleUrl>
        <kml:MultiGeometry>
          <kml:Point>
            <kml:coordinates>-94.67226170800431,31.65803171171925,0</kml:coordinates>
          </kml:Point>
          <kml:Polygon>
            <kml:outerBoundaryIs>
              <kml:LinearRing>
                <kml:coordinates>
									-94.67472032395202,31.65393994071405,0 -94.67482703188303,31.65267312299828,0 -94.67453657066976,31.65256133971853,0 -94.67440292600773,31.65311165944,0 -94.67148999901136,31.65309582033514,0 -94.67162428114233,31.65246285749322,0 -94.67065374678668,31.65240245966197,0 -94.67048583751944,31.65320054634896,0 -94.66673174569519,31.65315241369257,0 -94.66669306672924,31.65397874292348,0 -94.66750218072639,31.65398319255749,0 -94.66756270465407,31.6545345502547,0 -94.66756228418683,31.65458965057751,0 -94.66755471719171,31.65558144712906,0 -94.66725712600612,31.65640633635572,0 -94.66721656586699,31.65748058976312,0 -94.66707554954493,31.65899508948459,0 -94.66816488088281,31.66046125453229,0 -94.66961741138753,31.66099269461535,0 -94.67158431208868,31.66199529659801,0 -94.67283501895137,31.66354497296707,0 -94.674533380562,31.6658409709641,0 -94.67551463581755,31.66449633926114,0 -94.67446676472733,31.66179064675914,0 -94.67439878253826,31.65793315508942,0 -94.67779849053775,31.65781384022116,0 -94.67779188694496,31.65439738329266,0 -94.67472032395202,31.65393994071405,0
							</kml:coordinates>
              </kml:LinearRing>
            </kml:outerBoundaryIs>
          </kml:Polygon>
        </kml:MultiGeometry>
      </kml:Placemark>
      <kml:Placemark>
        <kml:name>108-25-0098 - 600 CARROLL</kml:name>
        <kml:styleUrl>#Submitted_rollover</kml:styleUrl>
        <kml:MultiGeometry>
          <kml:Point>
            <kml:coordinates>-94.73231599118388,31.31970758722118,0</kml:coordinates>
          </kml:Point>
          <kml:Polygon>
            <kml:outerBoundaryIs>
              <kml:LinearRing>
                <kml:coordinates>
									-94.73260962696015,31.31983140798448,0 -94.73214884462546,31.31917455036815,0 -94.73197097544299,31.31926787438505,0 -94.73188974360745,31.31935282314494,0 -94.73187993957339,31.31943657555363,0 -94.73190795035079,31.31950716693333,0 -94.73215444690176,31.32001566443179,0 -94.73219786418139,31.32003121848398,0 -94.73227349426604,31.32002164669601,0 -94.73260962696015,31.31983140798448,0
							</kml:coordinates>
              </kml:LinearRing>
            </kml:outerBoundaryIs>
          </kml:Polygon>
        </kml:MultiGeometry>
      </kml:Placemark>
      <kml:Placemark>
        <kml:name>108-25-0099 - 1407 DURST</kml:name>
        <kml:styleUrl>#Submitted_rollover</kml:styleUrl>
        <kml:MultiGeometry>
          <kml:Point>
            <kml:coordinates>-94.67002516539081,31.60193007454842,0</kml:coordinates>
          </kml:Point>
          <kml:Polygon>
            <kml:outerBoundaryIs>
              <kml:LinearRing>
                <kml:coordinates>
									-94.6701128772587,31.60217828701207,0 -94.67006760628831,31.6017059603793,0 -94.66985257208252,31.60171800946235,0 -94.66988652427662,31.60219033616958,0 -94.6701128772587,31.60217828701207,0
							</kml:coordinates>
              </kml:LinearRing>
            </kml:outerBoundaryIs>
          </kml:Polygon>
        </kml:MultiGeometry>
      </kml:Placemark>
      <kml:Placemark>
        <kml:name>108-25-0099 - 1407 DURST</kml:name>
        <kml:styleUrl>#Submitted_rollover</kml:styleUrl>
        <kml:MultiGeometry>
          <kml:Point>
            <kml:coordinates>-95.23838170631687,31.06611623216786,0</kml:coordinates>
          </kml:Point>
          <kml:Polygon>
            <kml:outerBoundaryIs>
              <kml:LinearRing>
                <kml:coordinates>
									-95.23601082159159,31.06525677820775,0 -95.2364836912503,31.06638990843651,0 -95.2366306546453,31.06718364311196,0 -95.23633666411443,31.0678295736361,0 -95.2370396369629,31.06815802967779,0 -95.23704602771681,31.06815802977902,0 -95.23708437212868,31.06816350436659,0 -95.23772344434235,31.06847006165869,0 -95.23895048372825,31.06903938253675,0 -95.23984599126555,31.06476201946853,0 -95.23538459259261,31.06393751591976,0 -95.23601082159159,31.06525677820775,0
							</kml:coordinates>
              </kml:LinearRing>
            </kml:outerBoundaryIs>
          </kml:Polygon>
        </kml:MultiGeometry>
      </kml:Placemark>
      <kml:Placemark>
        <kml:name>108-25-0122 - CR 546</kml:name>
        <kml:styleUrl>#Submitted_rollover</kml:styleUrl>
        <kml:MultiGeometry>
          <kml:Point>
            <kml:coordinates>-94.56788210633188,31.48646072698288,0</kml:coordinates>
          </kml:Point>
          <kml:Polygon>
            <kml:outerBoundaryIs>
              <kml:LinearRing>
                <kml:coordinates>
									-94.56840952476573,31.48492177057242,0 -94.56738559697176,31.48485034590261,0 -94.56741650522471,31.48509455940498,0 -94.56710646145901,31.48551590768972,0 -94.56707601875344,31.48553153776056,0 -94.566706993411863,31.48553674242281,0 -94.56676591532496,31.48592170352714,0 -94.5667293876364,31.4859425381703,0 -94.56671113295552,31.48595815231115,0 -94.56669287845511,31.485973766501,0 -94.56669290625963,31.48598935706976,0 -94.56640098808329,31.48632752996616,0 -94.56637663898042,31.48634315197218,0 -94.56612762563802,31.48682158471781,0 -94.56832433586624,31.48838298281724,0 -94.56840952476573,31.48492177057242,0
							</kml:coordinates>
              </kml:LinearRing>
            </kml:outerBoundaryIs>
          </kml:Polygon>
        </kml:MultiGeometry>
      </kml:Placemark>
      <kml:Placemark>
        <kml:name>108-25-0150 - 617 Richie St</kml:name>
        <kml:styleUrl>#Submitted_rollover</kml:styleUrl>
        <kml:MultiGeometry>
          <kml:Point>
            <kml:coordinates>-94.67351472232862,31.60988392640599,0</kml:coordinates>
          </kml:Point>
          <kml:Polygon>
            <kml:outerBoundaryIs>
              <kml:LinearRing>
                <kml:coordinates>
								-94.67330384649703,31.6103063159523,0 -94.67361479217732,31.6102899136274,0 -94.67362519017669,31.60955735503641,0 -94.6733225479677,31.60955784585128,0 -94.67330384649703,31.6103063159523,0
							</kml:coordinates>
              </kml:LinearRing>
            </kml:outerBoundaryIs>
          </kml:Polygon>
        </kml:MultiGeometry>
      </kml:Placemark>
    </kml:Folder>
    <kml:Folder>
      <kml:name>2026</kml:name>
      <kml:Placemark>
        <kml:name>108-26-0001 - 7894 US 59 South</kml:name>
        <kml:styleUrl>#Submitted_rollover</kml:styleUrl>
        <kml:MultiGeometry>
          <kml:Point>
            <kml:coordinates>-94.71765248306644,31.49291429677873,0</kml:coordinates>
          </kml:Point>
          <kml:Polygon>
            <kml:outerBoundaryIs>
              <kml:LinearRing>
                <kml:coordinates>
									-94.71686016011391,31.49238747700744,0 -94.71866840878464,31.49313569800048,0 -94.71848846663572,31.49345692990893,0 -94.71659378874597,31.49267121960786,0 -94.71686016011391,31.49238747700744,0
								</kml:coordinates>
              </kml:LinearRing>
            </kml:outerBoundaryIs>
          </kml:Polygon>
        </kml:MultiGeometry>
      </kml:Placemark>
      <kml:Placemark>
        <kml:name>108-26-0002 - 9868 FM 226</kml:name>
        <kml:styleUrl>#Submitted_rollover</kml:styleUrl>
        <kml:MultiGeometry>
          <kml:Point>
            <kml:coordinates>-94.50650773696813,31.4449750841255,0</kml:coordinates>
          </kml:Point>
          <kml:Polygon>
            <kml:outerBoundaryIs>
              <kml:LinearRing>
                <kml:coordinates>
									-94.50960716413567,31.44485597077809,0 -94.50961575809116,31.44516814212984,0 -94.50485497252477,31.44509674774385,0 -94.50485311925979,31.44518745864202,0 -94.50357112439478,31.44513245847586,0 -94.50366918446531,31.44476687251239,0 -94.50960716413567,31.44485597077809,0 -94.50960716413567,31.44485597077809,0
								</kml:coordinates>
              </kml:LinearRing>
            </kml:outerBoundaryIs>
          </kml:Polygon>
        </kml:MultiGeometry>
      </kml:Placemark>
      <kml:Placemark>
        <kml:name>108-26-0003 - 7671 FM 1818</kml:name>
        <kml:styleUrl>#Submitted_rollover</kml:styleUrl>
        <kml:MultiGeometry>
          <kml:Point>
            <kml:coordinates>-94.66134212878045,31.164140511239953,0</kml:coordinates>
          </kml:Point>
          <kml:Polygon>
            <kml:outerBoundaryIs>
              <kml:LinearRing>
                <kml:coordinates>-94.65791468567978,31.16267529868978,0 -94.65791945907637,31.162675176927088,0 -94.65792423258512,31.162675058460728,0 -94.65792900620293,31.16267494329075,0 -94.65793377992675,31.16267483141729,0 -94.6579385537535,31.162674722840343,0 -94.65794332768007,31.162674617560004,0 -94.65794810170343,31.162674515576366,0 -94.65795287582046,31.162674416889484,0 -94.6579576500281,31.162674321499388,0 -94.65796242432326,31.1626742294062,0 -94.65796719870288,31.162674140609916,0 -94.65797197316387,31.16267405511062,0 -94.65797674770315,31.16267397290843,0 -94.65798152231764,31.16267389400328,0 -94.65798629700427,31.162673818395305,0 -94.65799107175995,31.162673746084515,0 -94.65799584658161,31.16267367707096,0 -94.65800062146617,31.162673611354695,0 -94.65800539641054,31.16267354893582,0 -94.65801017141168,31.16267348981428,0 -94.65801494646645,31.162673433990122,0 -94.65801972157182,31.162673381463467,0 -94.65802449672468,31.162673332234252,0 -94.65802927192196,31.162673286302567,0 -94.6580340471606,31.16267324366842,0 -94.65803882243749,31.162673204331835,0 -94.65804359774957,31.16267316829286,0 -94.65804837309376,31.16267313555148,0 -94.65805314846698,31.162673106107746,0 -94.65805792386614,31.162673079961692,0 -94.65806269928817,31.162673057113306,0 -94.65806747472998,31.162673037562616,0 -94.65807225018851,31.162673021309597,0 -94.65807702566066,31.162673008354314,0 -94.65808180114337,31.162672998696742,0 -94.65808657663356,31.162672992336915,0 -94.65809135212812,31.16267298927481,0 -94.658096127624,31.16267298951045,0 -94.65810090311813,31.162672993043802,0 -94.6581056786074,31.162672999874886,0 -94.65811045408876,31.162673010003708,0 -94.65811522955909,31.16267302343028,0 -94.65812000501533,31.162673040154527,0 -94.65812478045443,31.162673060176463,0 -94.65812955587327,31.162673083496113,0 -94.65813433126881,31.16267311011343,0 -94.65813910663793,31.162673140028403,0 -94.65814388197758,31.162673173241018,0 -94.65814865728466,31.162673209751226,0 -94.6581534325561,31.162673249559052,0 -94.6581534325561,31.162673249559052,0 -94.66463287042066,31.16272932886747,0 -94.6647767579231,31.162812749422717,0 -94.66477708340324,31.165621062883048,0 -94.66085813828015,31.16556578263172,0 -94.65789076304927,31.1655469490007,0 -94.65791468567978,31.16267529868978,0</kml:coordinates>
              </kml:LinearRing>
            </kml:outerBoundaryIs>
          </kml:Polygon>
        </kml:MultiGeometry>
      </kml:Placemark>
      <kml:Placemark>
        <kml:name>108-26-0004 - 1634 CR 4653</kml:name>
        <kml:styleUrl>#Submitted_rollover</kml:styleUrl>
        <kml:MultiGeometry>
          <kml:Point>
            <kml:coordinates>-94.31673775041934,31.94633281388733,0</kml:coordinates>
          </kml:Point>
          <kml:Polygon>
            <kml:outerBoundaryIs>
              <kml:LinearRing>
                <kml:coordinates>
									-94.31536166836747,31.94655911168499,0 -94.3165176426222,31.94543366262788,0 -94.31666489560364,31.94561004447325,0 -94.31775858600881,31.94643661289609,0 -94.31776668478923,31.94644279988304,0 -94.31777470540777,31.94644906045961,0 -94.31778264694475,31.94645539390788,0 -94.31779050848957,31.94646179950171,0 -94.31779828914074,31.94646827650655,0 -94.31780598800609,31.94647482417973,0 -94.31781360420284,31.94648144177046,0 -94.31782113685763,31.94648812851995,0 -94.31782858510675,31.94649488366148,0 -94.31783594809609,31.94650170642044,0 -94.31784322498143,31.94650859601452,0 -94.31785041492829,31.94651555165374,0 -94.31785751711224,31.94652257254054,0 -94.31786453071889,31.94652965786986,0 -94.31787145494403,31.94653680682927,0 -94.31787828899368,31.94654401859903,0 -94.31788503208415,31.94655129235221,0 -94.31789168344224,31.94655862725476,0 -94.31789824230528,31.94656602246565,0 -94.31790470792119,31.94657347713688,0 -94.31791107954851,31.94658099041368,0 -94.31791735645668,31.94658856143456,0 -94.31792353792589,31.94659618933133,0 -94.31792962324737,31.94660387322942,0 -94.31793561172329,31.94661161224771,0 -94.31794150266697,31.94661940549881,0 -94.31794729540289,31.94662725208912,0 -94.31795298926683,31.9466351511189,0 -94.31795858360586,31.94664310168242,0 -94.3179640777785,31.94665110286803,0 -94.31796947115465,31.94665915375826,0 -94.31797476311598,31.94666725342996,0 -94.31797995305561,31.94667540095439,0 -94.31798504037839,31.94668359539731,0 -94.31799002450096,31.94669183581912,0 -94.3179949048518,31.94670012127487,0 -94.31799968087128,31.9467084508146,0 -94.31800435201176,31.94671682348315,0 -94.31800891773752,31.94672523832044,0 -94.31801337752503,31.94673369436167,0 -94.31801773086293,31.94674219063713,0 -94.31802197725199,31.94675072617262,0 -94.3180261162052,31.94675929998945,0 -94.31803014724802,31.9467679111045,0 -94.3180340699182,31.94677655853028,0 -94.31803788376585,31.94678524127533,0 -94.31804158835371,31.946793958344,0 -94.31804518325687,31.94680270873675,0 -94.31804866806316,31.94681149145026,0 -94.31805204237293,31.94682030547736,0 -94.31805204237293,31.94682030547736,0 -94.31811039372043,31.94697553718832,0 -94.31536166836747,31.94655911168499,0 -94.31536166836747,31.94655911168499,0
								</kml:coordinates>
              </kml:LinearRing>
            </kml:outerBoundaryIs>
          </kml:Polygon>
        </kml:MultiGeometry>
      </kml:Placemark>
      <kml:Placemark>
        <kml:name>108-26-0005 - CR 1170</kml:name>
        <kml:styleUrl>#Submitted_rollover</kml:styleUrl>
        <kml:MultiGeometry>
          <kml:Point>
            <kml:coordinates>-95.08737747989649,31.45252444322118,0</kml:coordinates>
          </kml:Point>
          <kml:Polygon>
            <kml:outerBoundaryIs>
              <kml:LinearRing>
                <kml:coordinates>
									-95.08233202550532,31.45566730369707,0 -95.08449507961734,31.45240463457638,0 -95.08588373884736,31.45027988329983,0 -95.08723499748126,31.44826497353132,0 -95.09259492359344,31.45090669893842,0 -95.09241641318356,31.45097834517856,0 -95.09250909421857,31.45131830915714,0 -95.09249348359521,31.45140278431532,0 -95.09231321622693,31.45146742240815,0 -95.092057327387,31.45141220923903,0 -95.09197962362772,31.45148948555123,0 -95.09198893444412,31.45189354376652,0 -95.09185424458128,31.45205116480114,0 -95.09169810382024,31.45206904431816,0 -95.09142946673967,31.45190191702301,0 -95.09111806975457,31.45209431235732,0 -95.09113955270541,31.45265130460149,0 -95.09147146605292,31.45314992739589,0 -95.09147811489591,31.45346389274832,0 -95.09137161368638,31.45353755582844,0 -95.09115852099448,31.45348560502113,0 -95.09096643817337,31.45323622126169,0 -95.09066154365692,31.45314921273174,0 -95.09046205655265,31.45316283216212,0 -95.09020251311996,31.45339080776898,0 -95.09026197785816,31.45365729755009,0 -95.09017923232173,31.4537216628359,0 -95.08977377741125,31.45348252158967,0 -95.08955522664533,31.45362885290306,0 -95.08948986012575,31.45381456910765,0 -95.08935044534493,31.45407452502753,0 -95.08931910784045,31.4544637973513,0 -95.08915410689269,31.4545831163521,0 -95.08895502983391,31.45463169305177,0 -95.08862928118133,31.45453005993633,0 -95.08849115269193,31.45469711402023,0 -95.0882780840704,31.45552749011467,0 -95.08805549635127,31.45520812365227,0 -95.08776081051853,31.45503603782587,0 -95.08760386372195,31.4550985377175,0 -95.08740315822978,31.4552670174818,0 -95.086886184024,31.45545302720803,0 -95.08657959556314,31.45549623834964,0 -95.08545577083937,31.45585973367102,0 -95.08482086014575,31.45597943179239,0 -95.08465684619169,31.4558340675711,0 -95.08438745377464,31.4557918555514,0 -95.08424304055249,31.45586335645346,0 -95.08344434293019,31.45669672839062,0 -95.08321930439168,31.45676978877512,0 -95.08233202550522,31.45566730369722,0 -95.08233202550532,31.45566730369707,0
								</kml:coordinates>
              </kml:LinearRing>
            </kml:outerBoundaryIs>
          </kml:Polygon>
        </kml:MultiGeometry>
      </kml:Placemark>
      <kml:Placemark>
        <kml:name>108-26-0006 - PR 8020</kml:name>
        <kml:styleUrl>#Submitted_rollover</kml:styleUrl>
        <kml:MultiGeometry>
          <kml:Point>
            <kml:coordinates>-94.12040676735892,31.43039345527339,0</kml:coordinates>
          </kml:Point>
          <kml:Polygon>
            <kml:outerBoundaryIs>
              <kml:LinearRing>
                <kml:coordinates>
									-94.11940475963796,31.42759294365765,0 -94.1224585291889,31.4292163473446,0 -94.1224963269183,31.43125012083627,0 -94.12265004839516,31.43124799943278,0 -94.12268488683767,31.4335122197487,0 -94.11731503571541,31.43057686628197,0 -94.11754487013259,31.43017416828443,0 -94.11786065233601,31.42956551059356,0 -94.11813762136985,31.42921177947968,0 -94.11851431591559,31.42878418461337,0 -94.11889139980875,31.42831601156172,0 -94.11923588907425,31.42784593673207,0 -94.11940475963796,31.42759294365765,0
								</kml:coordinates>
              </kml:LinearRing>
            </kml:outerBoundaryIs>
          </kml:Polygon>
        </kml:MultiGeometry>
      </kml:Placemark>
      <kml:Placemark>
        <kml:name>108-26-0007 - 992 HERMAN NERREN</kml:name>
        <kml:styleUrl>#Submitted_rollover</kml:styleUrl>
        <kml:MultiGeometry>
          <kml:Point>
            <kml:coordinates>-94.479737007156,31.32867121602522,0</kml:coordinates>
          </kml:Point>
          <kml:Polygon>
            <kml:outerBoundaryIs>
              <kml:LinearRing>
                <kml:coordinates>
									-94.48007334769862,31.3262552090712,0 -94.48177474976241,31.32530998591218,0 -94.48183040257116,31.32538386304111,0 -94.4812111466313,31.32576152569111,0 -94.48024954951846,31.32620405712812,0 -94.4810365035311,31.32729981259438,0 -94.48100045429598,31.32734487896563,0 -94.48210471859284,31.32799054658866,0 -94.48248013705663,31.32751591635617,0 -94.48304861754507,31.32678620419698,0 -94.48406582590607,31.32552415966249,0 -94.48414978227832,31.32552325400984,0 -94.4818306312704,31.32845914236007,0 -94.47920005201776,31.33090526380668,0 -94.47859835709845,31.3307704584027,0 -94.4778869017527,31.33009639386544,0 -94.4781971155995,31.32858505889168,0 -94.47922743030009,31.32806831450102,0 -94.47853008668403,31.32817438281315,0 -94.47777227923977,31.32769723288687,0 -94.47769823199818,31.32750107501961,0 -94.47842997062706,31.32713694492453,0 -94.4786942823776,31.3271721190636,0 -94.47928916180399,31.32708238776824,0 -94.47965791164113,31.32735127846768,0 -94.4804540803991,31.32766187697008,0 -94.48094457330107,31.32731818593019,0 -94.48033808541332,31.32643284783025,0 -94.48007334769862,31.3262552090712,0 -94.48007334769862,31.3262552090712,0
								</kml:coordinates>
              </kml:LinearRing>
            </kml:outerBoundaryIs>
          </kml:Polygon>
        </kml:MultiGeometry>
      </kml:Placemark>
      <kml:Placemark>
        <kml:name>108-26-0008 - 309 CAMELOT CIRCLE</kml:name>
        <kml:styleUrl>#Submitted_rollover</kml:styleUrl>
        <kml:MultiGeometry>
          <kml:Point>
            <kml:coordinates>-94.76237455404126,31.32830534694179,0</kml:coordinates>
          </kml:Point>
          <kml:Polygon>
            <kml:outerBoundaryIs>
              <kml:LinearRing>
                <kml:coordinates>
									-94.76222763842669,31.32855903863494,0 -94.76207872988911,31.32820619575497,0 -94.76255869469563,31.32805675186724,0 -94.7626399816447,31.32824911984114,0 -94.76256470954557,31.32827255703663,0 -94.76263249795618,31.3284329799785,0 -94.76222765327333,31.32855903404461,0 -94.76222763842669,31.32855903863494,0
								</kml:coordinates>
              </kml:LinearRing>
            </kml:outerBoundaryIs>
          </kml:Polygon>
        </kml:MultiGeometry>
      </kml:Placemark>
      <kml:Placemark>
        <kml:name>108-26-0009 - COTTONWOOD TRAIL</kml:name>
        <kml:styleUrl>#Submitted_rollover</kml:styleUrl>
        <kml:MultiGeometry>
          <kml:Point>
            <kml:coordinates>-94.44373516565769,31.274999377989122,0</kml:coordinates>
          </kml:Point>
          <kml:Polygon>
            <kml:outerBoundaryIs>
              <kml:LinearRing>
                <kml:coordinates>-94.44324065219088,31.274893006902463,0 -94.44340005550875,31.274908351984056,0 -94.44355725911355,31.274925060075017,0 -94.44359439904564,31.27460007898458,0 -94.44407144341044,31.274647181009165,0 -94.44403235277835,31.274973031759238,0 -94.44419092767721,31.274989301816156,0 -94.44415158926074,31.275317490436226,0 -94.4432013105512,31.275221195241635,0 -94.44324065219088,31.274893006902463,0</kml:coordinates>
              </kml:LinearRing>
            </kml:outerBoundaryIs>
          </kml:Polygon>
        </kml:MultiGeometry>
      </kml:Placemark>
      <kml:Placemark>
        <kml:name>108-26-0010_0018 - CASON ST</kml:name>
        <kml:styleUrl>#Submitted_rollover</kml:styleUrl>
        <kml:MultiGeometry>
          <kml:Point>
            <kml:coordinates>-94.643216872165,31.61005361338142,0</kml:coordinates>
          </kml:Point>
          <kml:Polygon>
            <kml:outerBoundaryIs>
              <kml:LinearRing>
                <kml:coordinates>-94.64345732730465,31.609977899126672,0 -94.64331285537914,31.610224255870865,0 -94.6429752510958,31.610127874335742,0 -94.64312192083649,31.609883557624553,0 -94.64345732730465,31.609977899126672,0</kml:coordinates>
              </kml:LinearRing>
            </kml:outerBoundaryIs>
          </kml:Polygon>
        </kml:MultiGeometry>
      </kml:Placemark>
      <kml:Placemark>
        <kml:name>108-26-0011 - 360 CLEAR VIEW LN</kml:name>
        <kml:styleUrl>#Submitted_rollover</kml:styleUrl>
        <kml:MultiGeometry>
          <kml:Point>
            <kml:coordinates>-94.59345328638761,31.67408151519231,0</kml:coordinates>
          </kml:Point>
          <kml:Polygon>
            <kml:outerBoundaryIs>
              <kml:LinearRing>
                <kml:coordinates>-94.59357059043506,31.673869620579563,0 -94.5935948469581,31.67428260505007,0 -94.5933359766518,31.67429349806885,0 -94.59331177348282,31.673880300603408,0 -94.59357059043506,31.673869620579563,0</kml:coordinates>
              </kml:LinearRing>
            </kml:outerBoundaryIs>
          </kml:Polygon>
        </kml:MultiGeometry>
      </kml:Placemark>
      <kml:Placemark>
        <kml:name>108-26-0012 - 646 CR 4925</kml:name>
        <kml:styleUrl>#Submitted_rollover</kml:styleUrl>
        <kml:MultiGeometry>
          <kml:Point>
            <kml:coordinates>-94.3799526575288,31.967674965058837,0</kml:coordinates>
          </kml:Point>
          <kml:Polygon>
            <kml:outerBoundaryIs>
              <kml:LinearRing>
                <kml:coordinates>-94.38338524247561,31.970978341706815,0 -94.381914208742,31.968850598694022,0 -94.37984026219179,31.968881621236605,0 -94.3789334410509,31.969031525958588,0 -94.37814614860986,31.967174269788373,0 -94.37793864727689,31.966672151972602,0 -94.37989542908308,31.965651298848258,0 -94.38102361932282,31.96729167814957,0 -94.38352400607283,31.970908365612573,0 -94.3833852424756,31.97097834170684,0 -94.38338524247561,31.970978341706815,0</kml:coordinates>
              </kml:LinearRing>
            </kml:outerBoundaryIs>
          </kml:Polygon>
        </kml:MultiGeometry>
      </kml:Placemark>
      <kml:Placemark>
        <kml:name>108-26-0013 - 623 CR 5021</kml:name>
        <kml:styleUrl>#Submitted_rollover</kml:styleUrl>
        <kml:MultiGeometry>
          <kml:Point>
            <kml:coordinates>-94.68673646653028,31.532507912782542,0</kml:coordinates>
          </kml:Point>
          <kml:Polygon>
            <kml:outerBoundaryIs>
              <kml:LinearRing>
                <kml:coordinates>-94.68662253886998,31.53233195992552,0 -94.6866289598921,31.532333037162832,0 -94.68663537505525,31.53233413971221,0 -94.68664178422335,31.532335267550334,0 -94.68664818726057,31.53233642065328,0 -94.68665458403116,31.532337598996563,0 -94.68666097439947,31.53233880255525,0 -94.68666735823003,31.532340031303804,0 -94.68667373538752,31.532341285216145,0 -94.68668010573668,31.53234256426572,0 -94.68668646914249,31.532343868425432,0 -94.68669282547006,31.53234519766759,0 -94.68669917458459,31.53234655196403,0 -94.68670551635147,31.532347931286026,0 -94.68671185063626,31.532349335604373,0 -94.68671817730464,31.53235076488925,0 -94.68672449622254,31.532352219110404,0 -94.68673080725591,31.532353698236943,0 -94.68673711027103,31.53235520223752,0 -94.6867434051342,31.5323567310803,0 -94.68674969171198,31.53235828473284,0 -94.6867559698711,31.53235986316217,0 -94.68676223947845,31.53236146633491,0 -94.68676850040112,31.532363094216972,0 -94.68677475250632,31.53236474677389,0 -94.68678099566155,31.53236642397062,0 -94.68678722973443,31.53236812577163,0 -94.6867934545928,31.532369852140782,0 -94.68679967010465,31.532371603041515,0 -94.68680587613824,31.5323733784367,0 -94.68681207256198,31.53237517828873,0 -94.68681825924449,31.53237700255939,0 -94.68682443605462,31.532378851210048,0 -94.68683060286139,31.532380724201463,0 -94.68683675953409,31.532382621493955,0 -94.68684290594216,31.5323845430473,0 -94.6868490419553,31.53238648882076,0 -94.68685516744341,31.53238845877307,0 -94.68686128227664,31.53239045286246,0 -94.68686738632533,31.532392471046684,0 -94.68687347946008,31.532394513282924,0 -94.68687956155168,31.53239657952789,0 -94.68688563247122,31.532398669737805,0 -94.68689169208994,31.53240078386829,0 -94.68689774027942,31.532402921874542,0 -94.68690377691142,31.532405083711282,0 -94.68690980185792,31.53240726933264,0 -94.6869158149912,31.532409478692262,0 -94.68692181618378,31.532411711743357,0 -94.68692780530844,31.532413968438526,0 -94.68693378223817,31.53241624872998,0 -94.68693378223817,31.53241624872998,0 -94.6868537282936,31.532682041003874,0 -94.68653843634858,31.532613470899463,0 -94.68662253886998,31.53233195992552,0</kml:coordinates>
              </kml:LinearRing>
            </kml:outerBoundaryIs>
          </kml:Polygon>
        </kml:MultiGeometry>
      </kml:Placemark>
      <kml:Placemark>
        <kml:name>108-26-0014 - 170 CLEAR VIEW L14</kml:name>
        <kml:styleUrl>#Submitted_rollover</kml:styleUrl>
        <kml:MultiGeometry>
          <kml:Point>
            <kml:coordinates>-94.59601250328416,31.67338622864854,0</kml:coordinates>
          </kml:Point>
          <kml:Polygon>
            <kml:outerBoundaryIs>
              <kml:LinearRing>
                <kml:coordinates>-94.59569332214268,31.67315976702883,0 -94.59597472053656,31.6730813705759,0 -94.59631983778726,31.673588159623684,0 -94.59606984287736,31.673712673097434,0 -94.59569332214268,31.67315976702883,0 -94.59569332214268,31.67315976702883,0</kml:coordinates>
              </kml:LinearRing>
            </kml:outerBoundaryIs>
          </kml:Polygon>
        </kml:MultiGeometry>
      </kml:Placemark>
      <kml:Placemark>
        <kml:name>108-26-0014 - 170 CLEAR VIEW L15</kml:name>
        <kml:styleUrl>#Submitted_rollover</kml:styleUrl>
        <kml:MultiGeometry>
          <kml:Point>
            <kml:coordinates>-94.59574696040112,31.67348762449987,0</kml:coordinates>
          </kml:Point>
          <kml:Polygon>
            <kml:outerBoundaryIs>
              <kml:LinearRing>
                <kml:coordinates>-94.59606984287736,31.673712673097434,0 -94.59581984702471,31.673837186228262,0 -94.59541192296062,31.673238162960942,0 -94.59569332214268,31.67315976702883,0 -94.59606984287736,31.673712673097434,0</kml:coordinates>
              </kml:LinearRing>
            </kml:outerBoundaryIs>
          </kml:Polygon>
        </kml:MultiGeometry>
      </kml:Placemark>
      <kml:Placemark>
        <kml:name>108-26-0015 - SE STALLINGS DR</kml:name>
        <kml:styleUrl>#Submitted_rollover</kml:styleUrl>
        <kml:MultiGeometry>
          <kml:Point>
            <kml:coordinates>-94.62856854071646,31.577431957243846,0</kml:coordinates>
          </kml:Point>
          <kml:Polygon>
            <kml:outerBoundaryIs>
              <kml:LinearRing>
                <kml:coordinates>-94.63014820073514,31.578169769432115,0 -94.63007999524578,31.578205673126334,0 -94.63008185920458,31.5785896792817,0 -94.62926862457378,31.578589673756955,0 -94.62925288080865,31.57944751833258,0 -94.6288266420693,31.579447969049998,0 -94.62868393047907,31.579173603442904,0 -94.62843443665187,31.57882914305235,0 -94.62739371049416,31.57704998756298,0 -94.62737980336932,31.57702647553767,0 -94.62736565120892,31.57700307092108,0 -94.62735125514487,31.57697977558482,0 -94.62733661632856,31.57695659139178,0 -94.62732173593083,31.576933520195954,0 -94.62730661514179,31.576910563842382,0 -94.62729125517079,31.576887724166685,0 -94.62727565724633,31.576865002995447,0 -94.6272598226159,31.576842402145594,0 -94.62724375254594,31.576819923424416,0 -94.62722744832166,31.57679756862956,0 -94.62721091124709,31.576775339548647,0 -94.62719414264478,31.576753237959295,0 -94.62717714385589,31.57673126562894,0 -94.62715991623988,31.57670942431463,0 -94.62714246117457,31.576687715762976,0 -94.62712478005595,31.57666614170995,0 -94.62710687429811,31.576644703880795,0 -94.62708874533304,31.57662340398981,0 -94.62707039461064,31.576602243740346,0 -94.62705182359849,31.576581224824448,0 -94.62703303378183,31.576560348922985,0 -94.62701402666335,31.576539617705365,0 -94.62699480376315,31.576519032829403,0 -94.62697536661857,31.5764985959412,0 -94.62695571678405,31.576478308674975,0 -94.6269358558311,31.57645817265316,0 -94.62691578534805,31.576438189485877,0 -94.62689550694,31.576418360771182,0 -94.62687502222867,31.576398688094677,0 -94.62685433285232,31.5763791730295,0 -94.62683344046549,31.576359817136264,0 -94.62681234673902,31.57634062196279,0 -94.62679105335982,31.576321589044017,0 -94.62676956203077,31.576302719901967,0 -94.62674787447057,31.576284016045527,0 -94.62672599241361,31.576265478970416,0 -94.62670391760982,31.576247110158953,0 -94.62668165182457,31.576228911080037,0 -94.62665919683847,31.576210883188953,0 -94.62663655444726,31.576193027927328,0 -94.6266137264617,31.576175346723023,0 -94.62659071470732,31.57615784098991,0 -94.62656752102441,31.576140512127893,0 -94.62654414726778,31.57612336152265,0 -94.62652059530659,31.57610639054569,0 -94.62649686702433,31.57608960055405,0 -94.62647296431852,31.57607299289044,0 -94.62644888910069,31.57605656888286,0 -94.62642464329609,31.576040329844673,0 -94.62642464329609,31.576040329844673,0 -94.62692298753639,31.576045899060205,0 -94.62930650057018,31.576074605087584,0 -94.62930653680009,31.577287088091175,0 -94.62945405857785,31.577214314706232,0 -94.62984249542848,31.577711732353258,0 -94.63014820073514,31.578169769432115,0</kml:coordinates>
              </kml:LinearRing>
            </kml:outerBoundaryIs>
          </kml:Polygon>
        </kml:MultiGeometry>
      </kml:Placemark>
      <kml:Placemark>
        <kml:name>108-26-0016_0021 - LOCK AND FREDONIA</kml:name>
        <kml:styleUrl>#Submitted_rollover</kml:styleUrl>
        <kml:MultiGeometry>
          <kml:Point>
            <kml:coordinates>-94.66884263012642,31.590686331168232,0</kml:coordinates>
          </kml:Point>
          <kml:Polygon>
            <kml:outerBoundaryIs>
              <kml:LinearRing>
                <kml:coordinates>-94.66865643323284,31.59070014499519,0 -94.66847469229356,31.590699743528774,0 -94.66906263245804,31.590439215513737,0 -94.66898512445445,31.590878951450392,0 -94.66863467854031,31.59083369642784,0 -94.66865643323284,31.59070014499519,0</kml:coordinates>
              </kml:LinearRing>
            </kml:outerBoundaryIs>
          </kml:Polygon>
        </kml:MultiGeometry>
      </kml:Placemark>
      <kml:Placemark>
        <kml:name>108-26-0017 - 4261 CR 338</kml:name>
        <kml:styleUrl>#Submitted_rollover</kml:styleUrl>
        <kml:MultiGeometry>
          <kml:Point>
            <kml:coordinates>-94.42136599712859,31.56944439487567,0</kml:coordinates>
          </kml:Point>
          <kml:Polygon>
            <kml:outerBoundaryIs>
              <kml:LinearRing>
                <kml:coordinates>-94.42120258740086,31.56896656890262,0 -94.42150798716332,31.569144961474155,0 -94.42189208441994,31.56934156114655,0 -94.42152237004845,31.569905028973736,0 -94.4208544499551,31.56956904092927,0 -94.42120258740086,31.56896656890262,0 -94.42120258740086,31.56896656890262,0</kml:coordinates>
              </kml:LinearRing>
            </kml:outerBoundaryIs>
          </kml:Polygon>
        </kml:MultiGeometry>
      </kml:Placemark>
      <kml:Placemark>
        <kml:name>108-26-0019 123 Main St</kml:name>
        <kml:styleUrl>#Submitted_rollover</kml:styleUrl>
        <kml:MultiGeometry>
          <kml:Point>
            <kml:coordinates>-95.1916430211258,31.35863245981901,0</kml:coordinates>
          </kml:Point>
          <kml:Polygon>
            <kml:outerBoundaryIs>
              <kml:LinearRing>
                <kml:coordinates>
									-95.19139391256191,31.35889321850839,0 -95.19136494641818,31.35841427687567,0 -95.1918920155062,31.35837107841932,0 -95.19192071738338,31.35885141044097,0 -95.19139391256191,31.35889321850839,0
								</kml:coordinates>
              </kml:LinearRing>
            </kml:outerBoundaryIs>
          </kml:Polygon>
        </kml:MultiGeometry>
      </kml:Placemark>
      <kml:Placemark>
        <kml:name>108-26-0020 811 MARTINSVILLE RD</kml:name>
        <kml:styleUrl>#Submitted_rollover</kml:styleUrl>
        <kml:MultiGeometry>
          <kml:Point>
            <kml:coordinates>-94.6443031882698,31.61114175524251,0</kml:coordinates>
          </kml:Point>
          <kml:Polygon>
            <kml:outerBoundaryIs>
              <kml:LinearRing>
                <kml:coordinates>
									-94.64420196481503,31.6109922382931,0 -94.64441060981841,31.61098530663537,0 -94.64440406852941,31.61129265926701,0 -94.64419548335265,31.61129683416479,0 -94.64420196481503,31.6109922382931,0 -94.64420196481503,31.6109922382931,0
								</kml:coordinates>
              </kml:LinearRing>
            </kml:outerBoundaryIs>
          </kml:Polygon>
        </kml:MultiGeometry>
      </kml:Placemark>
      <kml:Placemark>
        <kml:name>108-26-0022 - 3600 CR 797</kml:name>
        <kml:styleUrl>#Submitted_rollover</kml:styleUrl>
        <kml:MultiGeometry>
          <kml:Point>
            <kml:coordinates>-94.8877632783951,31.65521010987908,0</kml:coordinates>
          </kml:Point>
          <kml:Polygon>
            <kml:outerBoundaryIs>
              <kml:LinearRing>
                <kml:coordinates>-94.88688747432126,31.656565303475627,0 -94.88662204808043,31.654891356626834,0 -94.88660898541099,31.654807259935396,0 -94.88712629703682,31.654048776941526,0 -94.88760488518703,31.65354972941815,0 -94.88795521125817,31.65328165331741,0 -94.8892031751211,31.656296628127553,0 -94.88688747432126,31.656565303475627,0</kml:coordinates>
              </kml:LinearRing>
            </kml:outerBoundaryIs>
          </kml:Polygon>
        </kml:MultiGeometry>
      </kml:Placemark>
      <kml:Placemark>
        <kml:name>108-26-0023 524 Burk</kml:name>
        <kml:styleUrl>#Submitted_rollover</kml:styleUrl>
        <kml:MultiGeometry>
          <kml:Point>
            <kml:coordinates>-94.66518902150246,31.5982939024039,0</kml:coordinates>
          </kml:Point>
          <kml:Polygon>
            <kml:outerBoundaryIs>
              <kml:LinearRing>
                <kml:coordinates>
									-94.66540599528618,31.59822491973724,0 -94.66538402240452,31.59836160556928,0 -94.66497416198891,31.59836325949352,0 -94.66499216250479,31.59822626818019,0 -94.66540599528618,31.59822491973724,0 -94.66540599528618,31.59822491973724,0
			  </kml:coordinates>
              </kml:LinearRing>
            </kml:outerBoundaryIs>
          </kml:Polygon>
        </kml:MultiGeometry>
      </kml:Placemark>
      <kml:Placemark>
        <kml:name>108-26-0024 - 526 BURK</kml:name>
        <kml:styleUrl>#Submitted_rollover</kml:styleUrl>
        <kml:MultiGeometry>
          <kml:Point>
            <kml:coordinates>-94.66520906014557,31.59815710743563,0</kml:coordinates>
          </kml:Point>
          <kml:Polygon>
            <kml:outerBoundaryIs>
              <kml:LinearRing>
                <kml:coordinates>-94.66542727373688,31.598087419074584,0 -94.66540599528618,31.59822491973724,0 -94.6649921625048,31.598226268180195,0 -94.66500924852845,31.59809026644379,0 -94.66542727373688,31.598087419074584,0 -94.66542727373688,31.598087419074584,0</kml:coordinates>
              </kml:LinearRing>
            </kml:outerBoundaryIs>
          </kml:Polygon>
        </kml:MultiGeometry>
      </kml:Placemark>
      <kml:Placemark>
        <kml:name>108-26-0025 - 900 FM 3228 PINEFLAT</kml:name>
        <kml:styleUrl>#Submitted_rollover</kml:styleUrl>
        <kml:MultiGeometry>
          <kml:Point>
            <kml:coordinates>-94.63794984152315,31.53882011122186,0</kml:coordinates>
          </kml:Point>
          <kml:Polygon>
            <kml:outerBoundaryIs>
              <kml:LinearRing>
                <kml:coordinates>-94.6377350061418,31.53843605953788,0 -94.63845955202721,31.53843404309627,0 -94.63846221350703,31.539140438091202,0 -94.63719888273138,31.53914392308807,0 -94.6375425079168,31.538679887570055,0 -94.63754619308844,31.538674917493196,0 -94.63754988506948,31.538669951124795,0 -94.63755358385482,31.538664988471705,0 -94.6375572894394,31.53866002954074,0 -94.63756100181809,31.5386550743388,0 -94.63756472098578,31.538650122872674,0 -94.63756844693732,31.53864517514915,0 -94.63757217966761,31.538640231175116,0 -94.6375759191715,31.538635290957316,0 -94.63757966544382,31.53863035450263,0 -94.6375834184794,31.538625421817795,0 -94.63758717827308,31.53862049290964,0 -94.63759094481968,31.538615567784987,0 -94.63759471811402,31.538610646450508,0 -94.63759849815088,31.53860572891312,0 -94.63760228492505,31.53860081517956,0 -94.63760607843133,31.538595905256543,0 -94.63760987866446,31.538590999150884,0 -94.63761368561923,31.538586096869356,0 -94.63761749929039,31.538581198418644,0 -94.63762131967268,31.53857630380561,0 -94.63762514676081,31.538571413036866,0 -94.63762898054954,31.53856652611926,0 -94.63763282103358,31.538561643059502,0 -94.63763666820763,31.53855676386426,0 -94.63764052206638,31.538551888540336,0 -94.63764438260453,31.53854701709443,0 -94.63764824981678,31.53854214953319,0 -94.63765212369773,31.538537285863388,0 -94.63765600424212,31.53853242609175,0 -94.63765989144456,31.538527570224886,0 -94.6376637852997,31.53852271826956,0 -94.63766768580216,31.538517870232415,0 -94.63767159294659,31.538513026120164,0 -94.6376755067276,31.538508185939442,0 -94.63767942713979,31.538503349696963,0 -94.63768335417774,31.538498517399415,0 -94.63768728783606,31.538493689053333,0 -94.63769122810932,31.538488864665528,0 -94.6376951749921,31.538484044242516,0 -94.63769912847896,31.538479227791026,0 -94.63770308856444,31.538474415317634,0 -94.63770705524307,31.53846960682903,0 -94.63771102850941,31.53846480233178,0 -94.63771500835797,31.538460001832576,0 -94.63771899478326,31.53845520533795,0 -94.63772298777981,31.53845041285461,0 -94.63772698734208,31.538445624389045,0 -94.63773099346457,31.538440839947967,0 -94.6377350061418,31.53843605953788,0 -94.6377350061418,31.53843605953788,0 -94.6377350061418,31.53843605953788,0</kml:coordinates>
              </kml:LinearRing>
            </kml:outerBoundaryIs>
          </kml:Polygon>
        </kml:MultiGeometry>
      </kml:Placemark>
      <kml:Placemark>
        <kml:name>108-26-0026 - 936 FM 3228 PINEFLAT</kml:name>
        <kml:styleUrl>#Submitted_rollover</kml:styleUrl>
        <kml:MultiGeometry>
          <kml:Point>
            <kml:coordinates>-94.64252960008318,31.537594758868817,0</kml:coordinates>
          </kml:Point>
          <kml:Polygon>
            <kml:outerBoundaryIs>
              <kml:LinearRing>
                <kml:coordinates>-94.64704112416577,31.537942595828063,0 -94.64695691322245,31.53778888169051,0 -94.64687241477718,31.537696514515833,0 -94.64670680672839,31.537646095678266,0 -94.64652251981386,31.53764711715611,0 -94.64620204293136,31.537708019066468,0 -94.64601071726959,31.537631307412454,0 -94.64579985812499,31.537384972459463,0 -94.64562869094227,31.53731092265174,0 -94.64544498358445,31.53730745611201,0 -94.64522254269937,31.537368408024165,0 -94.64503306525951,31.537352188685546,0 -94.64499554224165,31.537279004259887,0 -94.64500440380932,31.537179885239045,0 -94.63912586911152,31.537200254559956,0 -94.6385336394716,31.537666657769055,0 -94.63898897226846,31.537665091617043,0 -94.63899040540203,31.53797055050933,0 -94.64704112416577,31.537942595828063,0</kml:coordinates>
              </kml:LinearRing>
            </kml:outerBoundaryIs>
          </kml:Polygon>
        </kml:MultiGeometry>
      </kml:Placemark>
      <kml:Placemark>
        <kml:name>108-26-0027 - 233 CR 2055</kml:name>
        <kml:styleUrl>#Submitted_rollover</kml:styleUrl>
        <kml:MultiGeometry>
          <kml:Point>
            <kml:coordinates>-94.57636004895822,31.66804173039752,0</kml:coordinates>
          </kml:Point>
          <kml:Polygon>
            <kml:outerBoundaryIs>
              <kml:LinearRing>
                <kml:coordinates>-94.57680884336574,31.66876112248083,0 -94.57544585675967,31.668562959304257,0 -94.5754576923349,31.667463098731666,0 -94.57747585475961,31.667478335135005,0 -94.57697885881264,31.668674235250773,0 -94.57680884336574,31.66876112248083,0</kml:coordinates>
              </kml:LinearRing>
            </kml:outerBoundaryIs>
          </kml:Polygon>
        </kml:MultiGeometry>
      </kml:Placemark>
      <kml:Placemark>
        <kml:name>108-26-0028 - CR 3177</kml:name>
        <kml:styleUrl>#Submitted_rollover</kml:styleUrl>
        <kml:MultiGeometry>
          <kml:Point>
            <kml:coordinates>-94.07243999843948,31.90923523218893,0</kml:coordinates>
          </kml:Point>
          <kml:Polygon>
            <kml:outerBoundaryIs>
              <kml:LinearRing>
                <kml:coordinates>
									-94.07158942303433,31.90819144200816,0 -94.07291197459909,31.90818175161532,0 -94.07304535313251,31.91028905532287,0 -94.07205843784669,31.91046273056628,0 -94.07196459131968,31.90897964441472,0 -94.07158942303433,31.90819144200816,0 -94.07158942303433,31.90819144200816,0
								</kml:coordinates>
              </kml:LinearRing>
            </kml:outerBoundaryIs>
          </kml:Polygon>
        </kml:MultiGeometry>
      </kml:Placemark>
      <kml:Placemark>
        <kml:name>108-26-0029 - Mattie Lou Subdivision</kml:name>
        <kml:styleUrl>#Submitted_rollover</kml:styleUrl>
        <kml:MultiGeometry>
          <kml:Point>
            <kml:coordinates>-94.91997916313802,33.267089903110914,0</kml:coordinates>
          </kml:Point>
          <kml:Polygon>
            <kml:outerBoundaryIs>
              <kml:LinearRing>
                <kml:coordinates>-94.92138376396466,33.26571123171735,0 -94.92140039436822,33.26857478649052,0 -94.91866080857578,33.26859865472899,0 -94.91864225158288,33.26538617629928,0 -94.91988837493611,33.265379689746624,0 -94.9199055485232,33.26590904109272,0 -94.92056762047012,33.265907242312245,0 -94.92055917796725,33.26571345585089,0 -94.92138376396466,33.26571123171735,0</kml:coordinates>
              </kml:LinearRing>
            </kml:outerBoundaryIs>
          </kml:Polygon>
        </kml:MultiGeometry>
      </kml:Placemark>
      <kml:Placemark>
        <kml:name>108-26-0030 922 WOMACK ST</kml:name>
        <kml:styleUrl>#Submitted_rollover</kml:styleUrl>
        <kml:MultiGeometry>
          <kml:Point>
            <kml:coordinates>-94.91083033473119,31.23412262779095,0</kml:coordinates>
          </kml:Point>
          <kml:Polygon>
            <kml:outerBoundaryIs>
              <kml:LinearRing>
                <kml:coordinates>
									-94.91144368296681,31.23354817139207,0 -94.91145343718969,31.23391117967377,0 -94.91143925214978,31.23392088369313,0 -94.91144101108623,31.23399380924112,0 -94.91137316218411,31.23410481009822,0 -94.91138937018522,31.23413637936233,0 -94.91145943095648,31.23413423931633,0 -94.91147055251973,31.23454812849363,0 -94.91012232615827,31.23457665423374,0 -94.91009674455329,31.23384478737033,0 -94.91082404995558,31.23382354217454,0 -94.9108066418321,31.23356653240426,0 -94.91144368296681,31.23354817139207,0 -94.91144368296681,31.23354817139207,0
								</kml:coordinates>
              </kml:LinearRing>
            </kml:outerBoundaryIs>
          </kml:Polygon>
        </kml:MultiGeometry>
      </kml:Placemark>
      <kml:Placemark>
        <kml:name>108-26-0031 - 449 HWY 96</kml:name>
        <kml:styleUrl>#Submitted_rollover</kml:styleUrl>
        <kml:MultiGeometry>
          <kml:Point>
            <kml:coordinates>-94.20148611329745,31.822282722422088,0</kml:coordinates>
          </kml:Point>
          <kml:Polygon>
            <kml:outerBoundaryIs>
              <kml:LinearRing>
                <kml:coordinates>-94.2009357608704,31.821994576548377,0 -94.20085242332347,31.821501084570652,0 -94.20145924857992,31.821189863396963,0 -94.20155712580474,31.821481260756517,0 -94.20164286521003,31.821745125515474,0 -94.20176538673866,31.822269069693746,0 -94.20182626958932,31.822610709718706,0 -94.20233081375541,31.82210623848652,0 -94.20279091689977,31.822447211065896,0 -94.20232591791152,31.822906312820496,0 -94.20188697924551,31.822969506785984,0 -94.20138246541902,31.823029279993044,0 -94.20126406711836,31.822670679542025,0 -94.20066902741334,31.82278007582591,0 -94.20046148704287,31.822108535546054,0 -94.2009357608704,31.821994576548377,0</kml:coordinates>
              </kml:LinearRing>
            </kml:outerBoundaryIs>
          </kml:Polygon>
        </kml:MultiGeometry>
      </kml:Placemark>
      <kml:Placemark>
        <kml:name>108-26-0032 - PR 401</kml:name>
        <kml:styleUrl>#Submitted_rollover</kml:styleUrl>
        <kml:MultiGeometry>
          <kml:Point>
            <kml:coordinates>-94.20182013585583,31.821923381321525,0</kml:coordinates>
          </kml:Point>
          <kml:Polygon>
            <kml:outerBoundaryIs>
              <kml:LinearRing>
                <kml:coordinates>-94.20176538673866,31.822269069693746,0 -94.20164286521003,31.821745125515474,0 -94.20158223907542,31.821558547517107,0 -94.20209872741829,31.821936621978267,0 -94.20176538673866,31.822269069693746,0</kml:coordinates>
              </kml:LinearRing>
            </kml:outerBoundaryIs>
          </kml:Polygon>
        </kml:MultiGeometry>
      </kml:Placemark>
      <kml:Placemark>
        <kml:name>108-26-0034 - 720 FM 1970</kml:name>
        <kml:styleUrl>#Submitted_rollover</kml:styleUrl>
        <kml:MultiGeometry>
          <kml:Point>
            <kml:coordinates>-94.42184274212164,31.924540622681842,0</kml:coordinates>
          </kml:Point>
          <kml:Polygon>
            <kml:outerBoundaryIs>
              <kml:LinearRing>
                <kml:coordinates>-94.42581437330371,31.92184659300826,0 -94.42465391010307,31.921922095866435,0 -94.42467159128803,31.922514438552607,0 -94.4164698070149,31.922530214121178,0 -94.41645602352126,31.92628422690459,0 -94.42461241713738,31.926274469466964,0 -94.42459444885147,31.92740263703175,0 -94.42679554126613,31.92742967282342,0 -94.42690658167831,31.926885795649167,0 -94.42691015805543,31.92686791083206,0 -94.42691358833571,31.926850005211598,0 -94.42691687235293,31.92683207965584,0 -94.42692000994799,31.926814135033702,0 -94.42692300096883,31.92679617221518,0 -94.42692584527057,31.926778192070987,0 -94.42692854271542,31.92676019547279,0 -94.42693109317268,31.926742183293005,0 -94.42693349651879,31.92672415640486,0 -94.42693575263733,31.92670611568218,0 -94.42693786141905,31.92668806199957,0 -94.42693982276172,31.92666999623223,0 -94.42694163657045,31.926651919255914,0 -94.4269433027573,31.926633831946933,0 -94.42694482124163,31.926615735182175,0 -94.42694619194992,31.92659762983884,0 -94.42694741481579,31.92657951679468,0 -94.42694848978005,31.926561396927728,0 -94.42694941679068,31.926543271116415,0 -94.42695019580279,31.92652514023939,0 -94.42695082677876,31.926507005175633,0 -94.42695130968805,31.92648886680422,0 -94.42695164450731,31.926470726004485,0 -94.42695183122046,31.926452583655795,0 -94.42695186981848,31.926434440637713,0 -94.42695176029962,31.926416297829668,0 -94.42695150266924,31.926398156111258,0 -94.42695109693994,31.926380016361843,0 -94.42695054313145,31.926361879460845,0 -94.42694984127073,31.926343746287476,0 -94.42694899139187,31.926325617720728,0 -94.42694799353616,31.926307494639463,0 -94.42694684775205,31.926289377922206,0 -94.42694555409517,31.926271268447213,0 -94.42694411262833,31.92625316709233,0 -94.42694252342149,31.92623507473512,0 -94.42694078655177,31.92621699225257,0 -94.42693890210344,31.926198920521294,0 -94.42693687016796,31.926180860417357,0 -94.42693469084391,31.926162812816212,0 -94.42693236423698,31.926144778592768,0 -94.42692989046009,31.926126758621233,0 -94.42692726963321,31.926108753775203,0 -94.42692450188349,31.926090764927466,0 -94.4269215873452,31.926072792950055,0 -94.42691852615967,31.926054838714155,0 -94.42691531847541,31.926036903090175,0 -94.426911964448,31.926018986947515,0 -94.42690846424007,31.926001091154728,0 -94.42690481802144,31.925983216579315,0 -94.42690481802144,31.925983216579315,0 -94.42672611331447,31.925124864579875,0 -94.4267217085526,31.925103786619136,0 -94.42671727018343,31.925082713786832,0 -94.42671279821519,31.925061646121847,0 -94.42670829265614,31.925040583663247,0 -94.42670375351469,31.9250195264499,0 -94.42669918079922,31.92499847452081,0 -94.42669457451822,31.924977427914918,0 -94.42668993468025,31.924956386671127,0 -94.4266852612939,31.924935350828374,0 -94.42668055436783,31.924914320425547,0 -94.42667581391076,31.92489329550157,0 -94.4266710399315,31.924872276095336,0 -94.4266662324389,31.92485126224568,0 -94.42666139144187,31.92483025399151,0 -94.4266565169494,31.92480925137165,0 -94.42665160897049,31.92478825442497,0 -94.42664666751429,31.924767263190297,0 -94.42664169258991,31.924746277706483,0 -94.42663668420664,31.924725298012323,0 -94.4266316423737,31.92470432414658,0 -94.42662656710046,31.92468335614815,0 -94.42662145839634,31.924662394055733,0 -94.42661631627081,31.924641437908086,0 -94.42661114073341,31.924620487744054,0 -94.4266059317937,31.924599543602334,0 -94.42660068946138,31.924578605521653,0 -94.42659541374613,31.924557673540765,0 -94.42659010465776,31.924536747698387,0 -94.4265847622061,31.924515828033186,0 -94.42657938640104,31.92449491458391,0 -94.42657397725257,31.924474007389197,0 -94.42656853477071,31.924453106487732,0 -94.42656305896554,31.924432211918152,0 -94.42655754984722,31.924411323719166,0 -94.42655200742595,31.924390441929376,0 -94.42654643171201,31.924369566587377,0 -94.42654082271574,31.924348697731784,0 -94.42653518044752,31.924327835401247,0 -94.42652950491782,31.92430697963429,0 -94.42652379613718,31.92428613046953,0 -94.42651805411613,31.924265287945545,0 -94.42651227886535,31.92424445210083,0 -94.42650647039554,31.92422362297394,0 -94.42650062871745,31.924202800603446,0 -94.42649475384191,31.92418198502779,0 -94.42648884577983,31.92416117628554,0 -94.42648290454213,31.924140374415103,0 -94.42647693013986,31.92411957945506,0 -94.42647092258403,31.924098791443768,0 -94.42646488188583,31.924078010419763,0 -94.42646488188583,31.924078010419763,0 -94.42581437330371,31.92184659300826,0</kml:coordinates>
              </kml:LinearRing>
            </kml:outerBoundaryIs>
          </kml:Polygon>
        </kml:MultiGeometry>
      </kml:Placemark>
      <kml:Placemark>
        <kml:name>108-26-0035 - 160 Rock Creek</kml:name>
        <kml:styleUrl>#Submitted_rollover</kml:styleUrl>
        <kml:MultiGeometry>
          <kml:Point>
            <kml:coordinates>-94.62901136911348,31.71878024247132,0</kml:coordinates>
          </kml:Point>
          <kml:Polygon>
            <kml:outerBoundaryIs>
              <kml:LinearRing>
                <kml:coordinates>
									-94.62856804215394,31.71866614878722,0 -94.62945749753165,31.71867442871534,0 -94.62945469713745,31.71889433464069,0 -94.62856523970183,31.71888605469334,0 -94.62856804215394,31.71866614878722,0
								</kml:coordinates>
              </kml:LinearRing>
            </kml:outerBoundaryIs>
          </kml:Polygon>
        </kml:MultiGeometry>
      </kml:Placemark>
      <kml:Placemark>
        <kml:name>108-26-0036 - 2340 FM 2112</kml:name>
        <kml:styleUrl>#Submitted_rollover</kml:styleUrl>
        <kml:MultiGeometry>
          <kml:Point>
            <kml:coordinates>-94.52732532931665,31.64460450980223,0</kml:coordinates>
          </kml:Point>
          <kml:Polygon>
            <kml:outerBoundaryIs>
              <kml:LinearRing>
                <kml:coordinates>
									-94.52812032423904,31.64580211691806,0 -94.52518819747471,31.64569230210003,0 -94.52519461750936,31.6455962419111,0 -94.52486753717353,31.64546908579316,0 -94.5252407041188,31.64509028313152,0 -94.52512363496278,31.64501084206856,0 -94.5247781781769,31.64503286040957,0 -94.52462147921443,31.64485471388014,0 -94.52498883902419,31.64461535613873,0 -94.52479314454062,31.64453095218538,0 -94.52470395690457,31.64423294455525,0 -94.52487752003253,31.64406187123984,0 -94.52481661943975,31.64397387244776,0 -94.52445966846142,31.64398806361206,0 -94.52438793527995,31.64374866312597,0 -94.52459338239711,31.64358403472615,0 -94.52646493609596,31.64353387042004,0 -94.52812017492684,31.64353068703596,0 -94.52868888932251,31.64352336073943,0 -94.52868041071454,31.64381934574328,0 -94.53002923624692,31.64368216244667,0 -94.53028758005047,31.6436107911915,0 -94.53029081254564,31.64361939005141,0 -94.53029401516432,31.64362799708919,0 -94.53029718787825,31.64363661222883,0 -94.53030033065936,31.6436452353943,0 -94.53030344347998,31.64365386650946,0 -94.53030652631259,31.64366250549818,0 -94.53030957912999,31.64367115228412,0 -94.53031260190521,31.64367980679107,0 -94.53031559461151,31.64368846894254,0 -94.53031855722254,31.64369713866211,0 -94.53032148971211,31.6437058158733,0 -94.53032439205435,31.64371450049943,0 -94.53032726422362,31.64372319246391,0 -94.53033010619455,31.64373189169,0 -94.53033291794206,31.6437405981009,0 -94.53033569944132,31.6437493116198,0 -94.53033845066777,31.64375803216977,0 -94.5303411715971,31.64376675967381,0 -94.53034386220533,31.64377549405492,0 -94.53034652246866,31.64378423523598,0 -94.53034915236363,31.64379298313982,0 -94.53035175186696,31.64380173768929,0 -94.53035432095575,31.64381049880706,0 -94.53035685960735,31.64381926641583,0 -94.53035936779926,31.64382804043818,0 -94.53036184550938,31.64383682079668,0 -94.53036429271579,31.64384560741382,0 -94.53036670939694,31.64385440021205,0 -94.53036909553148,31.64386319911377,0 -94.5303714510983,31.64387200404131,0 -94.53037377607664,31.64388081491694,0 -94.53037607044593,31.64388963166289,0 -94.53037833418595,31.64389845420135,0 -94.53038056727669,31.64390728245444,0 -94.53038276969842,31.6439161163442,0 -94.53038494143171,31.64392495579273,0 -94.53038708245737,31.64393380072193,0 -94.53038919275653,31.64394265105378,0 -94.53039127231047,31.64395150671016,0 -94.53039332110093,31.64396036761287,0 -94.53039533910975,31.6439692336837,0 -94.5303973263191,31.64397810484446,0 -94.5303992827115,31.64398698101674,0 -94.53040120826958,31.64399586212226,0 -94.53040310297642,31.6440047480826,0 -94.53040496681524,31.64401363881935,0 -94.53040679976959,31.64402253425402,0 -94.5304086018233,31.64403143430812,0 -94.53041037296042,31.64404033890305,0 -94.53041211316534,31.6440492479602,0 -94.53041211316534,31.6440492479602,0 -94.53010292990373,31.6441140547056,0 -94.53019302893571,31.64442248178471,0 -94.53044788088802,31.64427327768011,0 -94.53046466765868,31.64436595669977,0 -94.5298152375405,31.64474694439182,0 -94.52955280801126,31.64495002575012,0 -94.52943963837136,31.64506573383178,0 -94.52934337166765,31.64526790701672,0 -94.5290031247756,31.64556777462471,0 -94.52925463064197,31.64576150215936,0 -94.52922168344287,31.64584376009548,0 -94.52812032423904,31.64580211691806,0
								</kml:coordinates>
              </kml:LinearRing>
            </kml:outerBoundaryIs>
          </kml:Polygon>
        </kml:MultiGeometry>
      </kml:Placemark>
      <kml:Placemark>
        <kml:name>108-26-0037 - 480 FM 2026</kml:name>
        <kml:styleUrl>#Submitted_rollover</kml:styleUrl>
        <kml:MultiGeometry>
          <kml:Point>
            <kml:coordinates>-94.20467431127419,31.823678191015592,0</kml:coordinates>
          </kml:Point>
          <kml:Polygon>
            <kml:outerBoundaryIs>
              <kml:LinearRing>
                <kml:coordinates>-94.2055932036218,31.82312864419134,0 -94.20635665355009,31.82369353763113,0 -94.20323632422073,31.824207555473624,0 -94.20313940686921,31.82373314296173,0 -94.20543189401252,31.823155499571413,0 -94.2055932036218,31.82312864419134,0</kml:coordinates>
              </kml:LinearRing>
            </kml:outerBoundaryIs>
          </kml:Polygon>
        </kml:MultiGeometry>
      </kml:Placemark>
      <kml:Placemark>
        <kml:name>108-26-0038 -105 WATLINGTON ST</kml:name>
        <kml:styleUrl>#Submitted_rollover</kml:styleUrl>
        <kml:MultiGeometry>
          <kml:Point>
            <kml:coordinates>-94.18918778829857,31.78466151684603,0</kml:coordinates>
          </kml:Point>
          <kml:Polygon>
            <kml:outerBoundaryIs>
              <kml:LinearRing>
                <kml:coordinates>-94.18911027702507,31.784274185922175,0 -94.18962780109185,31.784578780163567,0 -94.18924649709403,31.785043897365977,0 -94.18875945191309,31.784759564247583,0 -94.18911028252623,31.78427416178151,0 -94.18911027702507,31.784274185922175,0</kml:coordinates>
              </kml:LinearRing>
            </kml:outerBoundaryIs>
          </kml:Polygon>
        </kml:MultiGeometry>
      </kml:Placemark>
      <kml:Placemark>
        <kml:name>108-26-0039 - 1005 LOGANSPORT</kml:name>
        <kml:styleUrl>#Submitted_rollover</kml:styleUrl>
        <kml:MultiGeometry>
          <kml:Point>
            <kml:coordinates>-94.64744640801132,31.609839122173543,0</kml:coordinates>
          </kml:Point>
          <kml:Polygon>
            <kml:outerBoundaryIs>
              <kml:LinearRing>
                <kml:coordinates>-94.64709971180986,31.609529335880982,0 -94.64763936290483,31.609799631021648,0 -94.64784821713118,31.609905733726798,0 -94.6478511164,31.610182927779977,0 -94.64696687841045,31.60971405462223,0 -94.64709971180986,31.609529335880982,0</kml:coordinates>
              </kml:LinearRing>
            </kml:outerBoundaryIs>
          </kml:Polygon>
        </kml:MultiGeometry>
      </kml:Placemark>
      <kml:Placemark>
        <kml:name>108-26-0040 - 13579 US 84</kml:name>
        <kml:styleUrl>#Submitted_rollover</kml:styleUrl>
        <kml:MultiGeometry>
          <kml:Point>
            <kml:coordinates>-94.89640910105948,31.8837643486481,0</kml:coordinates>
          </kml:Point>
          <kml:Polygon>
            <kml:outerBoundaryIs>
              <kml:LinearRing>
                <kml:coordinates>-94.90334672790458,31.88362996851202,0 -94.90334071475112,31.883631569637167,0 -94.90333470095177,31.88363316899544,0 -94.9033286865072,31.88363476658666,0 -94.90332267141811,31.883636362410623,0 -94.90331665568523,31.88363795646716,0 -94.90331063930927,31.88363954875606,0 -94.90330462229095,31.88364113927713,0 -94.90329860463095,31.883642728030186,0 -94.90329258633004,31.883644315015033,0 -94.90328656738888,31.88364590023153,0 -94.90328054780824,31.883647483679436,0 -94.90327452758878,31.883649065358572,0 -94.90326850673124,31.883650645268762,0 -94.90326248523631,31.883652223409822,0 -94.90325646310475,31.883653799781563,0 -94.90325044033725,31.88365537438378,0 -94.90324441693453,31.883656947216306,0 -94.90323839289728,31.88365851827895,0 -94.90323236822621,31.883660087571506,0 -94.90322634292208,31.88366165509383,0 -94.9032203169856,31.883663220845698,0 -94.90321429041744,31.88366478482696,0 -94.90320826321833,31.883666347037376,0 -94.90320223538902,31.883667907476795,0 -94.90319620693019,31.883669466145044,0 -94.90319017784256,31.883671023041945,0 -94.90318414812685,31.883672578167268,0 -94.90317811778378,31.883674131520845,0 -94.90317208681404,31.883675683102503,0 -94.90316605521839,31.88367723291206,0 -94.90316002299751,31.88367878094931,0 -94.90315399015212,31.883680327214126,0 -94.90314795668296,31.88368187170627,0 -94.90314192259069,31.883683414425576,0 -94.90313588787609,31.883684955371844,0 -94.90312985253985,31.883686494544904,0 -94.90312381658268,31.883688031944594,0 -94.90311778000529,31.8836895675707,0 -94.90311174280842,31.883691101423068,0 -94.90310570499274,31.88369263350148,0 -94.90309966655902,31.88369416380578,0 -94.90309362750796,31.883695692335777,0 -94.90308758784026,31.88369721909132,0 -94.90308154755665,31.883698744072195,0 -94.90307550665783,31.8837002672782,0 -94.90306946514455,31.88370178870922,0 -94.90306342301749,31.883703308365018,0 -94.90305738027739,31.88370482624543,0 -94.90305133692495,31.883706342350287,0 -94.9030452929609,31.883707856679415,0 -94.9030452929609,31.883707856679415,0 -94.89059198717092,31.88682533937266,0 -94.89065926489145,31.883790373801816,0 -94.8932037407044,31.883012518712707,0 -94.89966215666449,31.880949427918843,0 -94.89966462333825,31.880255385934472,0 -94.90062747148164,31.881202467633234,0 -94.90237088135845,31.882931435559946,0 -94.90334672790458,31.88362996851202,0</kml:coordinates>
              </kml:LinearRing>
            </kml:outerBoundaryIs>
          </kml:Polygon>
        </kml:MultiGeometry>
      </kml:Placemark>
      <kml:Placemark>
        <kml:name>108-26-0041 - 1988 ALLENTOWN</kml:name>
        <kml:styleUrl>#Submitted_rollover</kml:styleUrl>
        <kml:MultiGeometry>
          <kml:Point>
            <kml:coordinates>-94.77397460994646,31.4566407390504,0</kml:coordinates>
          </kml:Point>
          <kml:Polygon>
            <kml:outerBoundaryIs>
              <kml:LinearRing>
                <kml:coordinates>-94.77474807432802,31.45595329606711,0 -94.77399212109388,31.45749902578137,0 -94.77331001272958,31.457487863009444,0 -94.77378132997767,31.455866635023135,0 -94.7737735692908,31.455806530918505,0 -94.7745877218192,31.455946774471673,0 -94.77474807432802,31.45595329606711,0</kml:coordinates>
              </kml:LinearRing>
            </kml:outerBoundaryIs>
          </kml:Polygon>
        </kml:MultiGeometry>
      </kml:Placemark>
      <kml:Placemark>
        <kml:name>108-26-0042 - 104 CR 9151</kml:name>
        <kml:styleUrl>#Submitted_rollover</kml:styleUrl>
        <kml:MultiGeometry>
          <kml:Point>
            <kml:coordinates>-94.68706915781284,31.819239073679714,0</kml:coordinates>
          </kml:Point>
          <kml:Polygon>
            <kml:outerBoundaryIs>
              <kml:LinearRing>
                <kml:coordinates>-94.68636780909314,31.819747768793192,0 -94.6862622163516,31.819000423169634,0 -94.68753582341719,31.818608544206956,0 -94.68794733831815,31.819583602412013,0 -94.68636780909314,31.819747768793192,0</kml:coordinates>
              </kml:LinearRing>
            </kml:outerBoundaryIs>
          </kml:Polygon>
        </kml:MultiGeometry>
      </kml:Placemark>
      <kml:Placemark>
        <kml:name>108-26-0043 - 782 CR 2011</kml:name>
        <kml:styleUrl>#Submitted_rollover</kml:styleUrl>
        <kml:MultiGeometry>
          <kml:Point>
            <kml:coordinates>-94.61480625102497,31.696152254813335,0</kml:coordinates>
          </kml:Point>
          <kml:Polygon>
            <kml:outerBoundaryIs>
              <kml:LinearRing>
                <kml:coordinates>-94.61409958004147,31.696501526095318,0 -94.61425588763936,31.69575943815966,0 -94.61509967793205,31.69578635677271,0 -94.6153250632596,31.695862473225343,0 -94.61543614859414,31.696032324029375,0 -94.61559300744811,31.69646096627663,0 -94.61484103664858,31.69648127418799,0 -94.61409958004147,31.696501526095318,0</kml:coordinates>
              </kml:LinearRing>
            </kml:outerBoundaryIs>
          </kml:Polygon>
        </kml:MultiGeometry>
      </kml:Placemark>
      <kml:Placemark>
        <kml:name>108-26-0045 - 205 EAST PECAN DR</kml:name>
        <kml:styleUrl>#Submitted_rollover</kml:styleUrl>
        <kml:MultiGeometry>
          <kml:Point>
            <kml:coordinates>-95.46133518507678,31.325065019898204,0</kml:coordinates>
          </kml:Point>
          <kml:Polygon>
            <kml:outerBoundaryIs>
              <kml:LinearRing>
                <kml:coordinates>-95.4611955585642,31.325299368822577,0 -95.46109754668508,31.3249311064606,0 -95.46146355745111,31.32481125720273,0 -95.46150510074314,31.324964054322926,0 -95.4615678319756,31.325224851302842,0 -95.4611955585642,31.325299368822577,0</kml:coordinates>
              </kml:LinearRing>
            </kml:outerBoundaryIs>
          </kml:Polygon>
        </kml:MultiGeometry>
      </kml:Placemark>
      <kml:Placemark>
        <kml:name>108-26-0046 - 3412 GRANITE HILL ST</kml:name>
        <kml:styleUrl>#Submitted_rollover</kml:styleUrl>
        <kml:MultiGeometry>
          <kml:Point>
            <kml:coordinates>-94.619409594955,31.63011436018721,0</kml:coordinates>
          </kml:Point>
          <kml:Polygon>
            <kml:outerBoundaryIs>
              <kml:LinearRing>
                <kml:coordinates>-94.61948172675764,31.63030346923553,0 -94.61925309766464,31.630305054606197,0 -94.61924975717143,31.629921478993204,0 -94.61953990840311,31.629919466942805,0 -94.61960035449262,31.630254290945295,0 -94.61959870412856,31.630254518794594,0 -94.61959705736794,31.630254764991733,0 -94.6195954144894,31.63025502949501,0 -94.61959377577085,31.63025531225971,0 -94.6195921414896,31.630255613237996,0 -94.61959051192217,31.63025593237892,0 -94.61958888734424,31.630256269628532,0 -94.61958726803068,31.6302566249297,0 -94.61958565425549,31.63025699822235,0 -94.6195840462917,31.63025738944333,0 -94.61958244441138,31.63025779852644,0 -94.61958084888555,31.630258225402464,0 -94.61957925998416,31.63025866999916,0 -94.61957767797604,31.630259132241356,0 -94.61957610312889,31.63025961205079,0 -94.61957453570912,31.630260109346274,0 -94.61957297598194,31.630260624043718,0 -94.61957142421126,31.63026115605599,0 -94.61956988065961,31.63026170529313,0 -94.61956834558819,31.630262271662172,0 -94.61956681925669,31.630262855067297,0 -94.61956530192336,31.630263455409796,0 -94.61956379384496,31.63026407258807,0 -94.61956229527658,31.63026470649777,0 -94.61956080647184,31.63026535703154,0 -94.6195593276826,31.63026602407939,0 -94.61955785915906,31.63026670752844,0 -94.6195564011497,31.63026740726308,0 -94.6195549539012,31.630268123164864,0 -94.61955351765845,31.630268855112675,0 -94.6195520926644,31.63026960298271,0 -94.6195506791602,31.630270366648418,0 -94.61954927738499,31.630271145980554,0 -94.61954788757596,31.630271940847287,0 -94.61954650996822,31.63027275111417,0 -94.61954514479488,31.630273576644026,0 -94.61954379228692,31.630274417297287,0 -94.61954245267317,31.630275272931623,0 -94.61954112618028,31.630276143402295,0 -94.61953981303273,31.630277028562038,0 -94.61953851345264,31.630277928261084,0 -94.61953722765989,31.63027884234719,0 -94.61953595587207,31.630279770665773,0 -94.61953469830435,31.630280713059655,0 -94.61953345516949,31.630281669369452,0 -94.61953222667783,31.630282639433347,0 -94.61953101303722,31.630283623087237,0 -94.61952981445299,31.630284620164637,0 -94.61952863112798,31.630285630496918,0 -94.61952746326234,31.63028665391309,0 -94.61952746326234,31.63028665391309,0 -94.61948172675764,31.63030346923553,0</kml:coordinates>
              </kml:LinearRing>
            </kml:outerBoundaryIs>
          </kml:Polygon>
        </kml:MultiGeometry>
      </kml:Placemark>
      <kml:Placemark>
        <kml:name>108-26-0047 - CR 1548 100 AC</kml:name>
        <kml:styleUrl>#Submitted_rollover</kml:styleUrl>
        <kml:MultiGeometry>
          <kml:Point>
            <kml:coordinates>-94.40554477186234,31.699326171116795,0</kml:coordinates>
          </kml:Point>
          <kml:Polygon>
            <kml:outerBoundaryIs>
              <kml:LinearRing>
                <kml:coordinates>-94.40886615481031,31.699020414443577,0 -94.41002520959383,31.70000094668651,0 -94.41056646754474,31.702242738657755,0 -94.40951076719469,31.702757248872015,0 -94.4084554719607,31.70123699729135,0 -94.40729316274721,31.70130726598269,0 -94.40690952713297,31.701098276906016,0 -94.40674686344154,31.70110205311293,0 -94.4063203963093,31.700881086806717,0 -94.40344952366362,31.702447446531554,0 -94.40379434563955,31.702714788744924,0 -94.40356276971764,31.70295807634964,0 -94.40334752360457,31.702839721211472,0 -94.40319219835698,31.702852521912735,0 -94.40307697221957,31.702659318332795,0 -94.40260538447761,31.702303755369865,0 -94.4024419967659,31.702263676821783,0 -94.40235722085579,31.701839083394997,0 -94.4017522365073,31.701155543664395,0 -94.40100662995349,31.70045123172319,0 -94.40140168439278,31.70020775435214,0 -94.40249922871365,31.699600652562538,0 -94.40249869199883,31.69591534078791,0 -94.40631879437466,31.69589161752348,0 -94.40886615481031,31.699020414443577,0 -94.40886615481031,31.699020414443577,0</kml:coordinates>
              </kml:LinearRing>
            </kml:outerBoundaryIs>
          </kml:Polygon>
        </kml:MultiGeometry>
      </kml:Placemark>
      <kml:Placemark>
        <kml:name>108-26-0048 -  809 CR 1520</kml:name>
        <kml:styleUrl>#Submitted_rollover</kml:styleUrl>
        <kml:MultiGeometry>
          <kml:Point>
            <kml:coordinates>-94.39812403004068,31.75840022693336,0</kml:coordinates>
          </kml:Point>
          <kml:Polygon>
            <kml:outerBoundaryIs>
              <kml:LinearRing>
                <kml:coordinates>-94.39880626692384,31.76162304004495,0 -94.39891298801271,31.7611365321333,0 -94.39887344310445,31.761114812007953,0 -94.39888699788844,31.760994625102633,0 -94.39839216401748,31.760886751994807,0 -94.39819261998943,31.76136274575614,0 -94.3979905800215,31.76127704430406,0 -94.39645392557563,31.760569882288813,0 -94.3952161519934,31.759974953444573,0 -94.39503676720453,31.759900785803957,0 -94.39543791776373,31.7556726509561,0 -94.3984137079747,31.755902954495603,0 -94.39833022128767,31.756916186767285,0 -94.4022258941414,31.757179393074043,0 -94.40216762409979,31.75833665011441,0 -94.40217077624945,31.75868548064274,0 -94.40219685347927,31.758872792685302,0 -94.40223742482543,31.75900744382419,0 -94.4024190872527,31.759341184246708,0 -94.39943664180915,31.759136407538637,0 -94.39921750314608,31.761797474139655,0 -94.39880626692384,31.76162304004495,0</kml:coordinates>
              </kml:LinearRing>
            </kml:outerBoundaryIs>
          </kml:Polygon>
        </kml:MultiGeometry>
      </kml:Placemark>
      <kml:Placemark>
        <kml:name>108-26-0049 - 627 PARK PLACE</kml:name>
        <kml:styleUrl>#Submitted_rollover</kml:styleUrl>
        <kml:MultiGeometry>
          <kml:Point>
            <kml:coordinates>-94.64508163449248,31.607175495887066,0</kml:coordinates>
          </kml:Point>
          <kml:Polygon>
            <kml:outerBoundaryIs>
              <kml:LinearRing>
                <kml:coordinates>-94.6451554184939,31.607318798521828,0 -94.64490305236806,31.60713645557184,0 -94.6450065701434,31.607031561878284,0 -94.64526116323214,31.60721544246195,0 -94.6451554184939,31.607318798521828,0</kml:coordinates>
              </kml:LinearRing>
            </kml:outerBoundaryIs>
          </kml:Polygon>
        </kml:MultiGeometry>
      </kml:Placemark>
      <kml:Placemark>
        <kml:name>108-26-0050 - 603 ENCHANTED FARMS</kml:name>
        <kml:styleUrl>#Submitted_rollover</kml:styleUrl>
        <kml:MultiGeometry>
          <kml:Point>
            <kml:coordinates>-94.53868403362347,31.294909074038294,0</kml:coordinates>
          </kml:Point>
          <kml:Polygon>
            <kml:outerBoundaryIs>
              <kml:LinearRing>
                <kml:coordinates>-94.53786540774756,31.298811497820992,0 -94.5343416244648,31.293963585623974,0 -94.54008698308229,31.29104527217067,0 -94.54157228557156,31.293225055724808,0 -94.5423131177978,31.29431536053196,0 -94.54202317359197,31.294448712650194,0 -94.5419646832518,31.29442202252925,0 -94.54160612670714,31.294552525864436,0 -94.54121833629468,31.294690546015527,0 -94.54079149624238,31.29474559259377,0 -94.54064851886571,31.29476253862063,0 -94.5402432096016,31.294812198466758,0 -94.54025669412562,31.29508256803553,0 -94.54120920137332,31.29629501550419,0 -94.54302609719434,31.29538826347039,0 -94.54343049106643,31.295984943423395,0 -94.53786540774756,31.298811497820992,0 -94.53786540774756,31.298811497820992,0</kml:coordinates>
              </kml:LinearRing>
            </kml:outerBoundaryIs>
          </kml:Polygon>
        </kml:MultiGeometry>
      </kml:Placemark>
      <kml:Placemark>
        <kml:name>108-26-0051 - 3920 PARKWOOD</kml:name>
        <kml:styleUrl>#Submitted_rollover</kml:styleUrl>
        <kml:MultiGeometry>
          <kml:Point>
            <kml:coordinates>-94.61566123550787,31.651506398048024,0</kml:coordinates>
          </kml:Point>
          <kml:Polygon>
            <kml:outerBoundaryIs>
              <kml:LinearRing>
                <kml:coordinates>-94.61551696464548,31.651247121844442,0 -94.6156831265301,31.651309403543205,0 -94.61580184765549,31.651307311216865,0 -94.61590124066832,31.65169050221844,0 -94.61562848621521,31.65169530923543,0 -94.61562482586034,31.65169536879545,0 -94.61562116530361,31.651695418456914,0 -94.61561750458164,31.651695458219272,0 -94.61561384373101,31.651695488082122,0 -94.6156101827883,31.65169550804517,0 -94.6156065217901,31.651695518108273,0 -94.61560286077298,31.651695518271236,0 -94.61559919977356,31.651695508534136,0 -94.61559553882842,31.651695488897033,0 -94.61559187797411,31.65169545936013,0 -94.61558821724726,31.651695419923744,0 -94.61558455668444,31.651695370588243,0 -94.61558089632221,31.65169531135408,0 -94.6155772361972,31.651695242221923,0 -94.61557357634594,31.651695163192453,0 -94.61556991680503,31.651695074266403,0 -94.61556625761104,31.651694975444723,0 -94.61556259880051,31.651694866728366,0 -94.61555894041007,31.651694748118423,0 -94.61555528247621,31.651694619616098,0 -94.61555162503555,31.65169448122265,0 -94.6155479681246,31.65169433293944,0 -94.6155443117799,31.651694174768036,0 -94.61554065603802,31.651694006709956,0 -94.61553700093548,31.651693828766863,0 -94.61553334650881,31.651693640940596,0 -94.61552969279454,31.651693443232976,0 -94.61552603982918,31.651693235646018,0 -94.61552238764922,31.65169301818175,0 -94.61551873629118,31.651692790842382,0 -94.61551508579154,31.651692553630173,0 -94.6155114361868,31.651692306547556,0 -94.6155077875134,31.65169204959688,0 -94.61550413980783,31.651691782780816,0 -94.61550049310652,31.651691506101983,0 -94.61549684744594,31.651691219563112,0 -94.61549320286252,31.651690923167177,0 -94.61548955939267,31.651690616917005,0 -94.61548591707283,31.65169030081577,0 -94.61548227593937,31.65168997486655,0 -94.61547863602868,31.65168963907266,0 -94.61547499737715,31.65168929343742,0 -94.61547136002115,31.651688937964316,0 -94.615467723997,31.651688572656862,0 -94.61546408934107,31.651688197518727,0 -94.61546045608966,31.651687812553657,0 -94.61545682427911,31.651687417765533,0 -94.61545319394568,31.651687013158245,0 -94.61544956512567,31.65168659873586,0 -94.61544593785536,31.651686174502526,0 -94.61544593785536,31.651686174502526,0 -94.61551696464548,31.651247121844442,0</kml:coordinates>
              </kml:LinearRing>
            </kml:outerBoundaryIs>
          </kml:Polygon>
        </kml:MultiGeometry>
      </kml:Placemark>
      <kml:Placemark>
        <kml:name>108-26-0052 - 308 TRAILWOOD DR</kml:name>
        <kml:styleUrl>#Submitted_rollover</kml:styleUrl>
        <kml:MultiGeometry>
          <kml:Point>
            <kml:coordinates>-95.43416631691059,31.308150211810865,0</kml:coordinates>
          </kml:Point>
          <kml:Polygon>
            <kml:outerBoundaryIs>
              <kml:LinearRing>
                <kml:coordinates>-95.43470731136445,31.308071959497536,0 -95.43390992020382,31.308545331092137,0 -95.43366850886312,31.308188802688093,0 -95.43436991459824,31.307778431493873,0 -95.43470731136445,31.308071959497536,0</kml:coordinates>
              </kml:LinearRing>
            </kml:outerBoundaryIs>
          </kml:Polygon>
        </kml:MultiGeometry>
      </kml:Placemark>
      <kml:Placemark>
        <kml:name>108-26-0053 - 980 SPRING CREEK DR</kml:name>
        <kml:styleUrl>#Submitted_rollover</kml:styleUrl>
        <kml:MultiGeometry>
          <kml:Point>
            <kml:coordinates>-94.5944411819569,31.67215836555523,0</kml:coordinates>
          </kml:Point>
          <kml:Polygon>
            <kml:outerBoundaryIs>
              <kml:LinearRing>
                <kml:coordinates>-94.59429547031979,31.67185121600281,0 -94.59458370906655,31.671848788718147,0 -94.59459056560549,31.672442195591543,0 -94.59430206179405,31.672490102767206,0 -94.59429547031979,31.67185121600281,0</kml:coordinates>
              </kml:LinearRing>
            </kml:outerBoundaryIs>
          </kml:Polygon>
        </kml:MultiGeometry>
      </kml:Placemark>
      <kml:Placemark>
        <kml:name>180-26-0054 - 3615 Press Rd</kml:name>
        <kml:styleUrl>#Submitted_rollover</kml:styleUrl>
        <kml:MultiGeometry>
          <kml:Point>
            <kml:coordinates>-94.65798658192662,31.56971911907262,0</kml:coordinates>
          </kml:Point>
          <kml:Polygon>
            <kml:outerBoundaryIs>
              <kml:LinearRing>
                <kml:coordinates>
									-94.65862737901504,31.57053815619087,0 -94.65767639353078,31.57052681542217,0 -94.65767338455821,31.57050447557908,0 -94.65765209034157,31.56989163544831,0 -94.65770272808733,31.56908805078601,0 -94.65769565844013,31.56789384284606,0 -94.65772491387618,31.56783381477357,0 -94.65772775774103,31.56786056837855,0 -94.65773075735694,31.56788730951147,0 -94.65773391264949,31.56791403750766,0 -94.65773722354039,31.56794075170281,0 -94.65774068994743,31.56796745143287,0 -94.65774431178464,31.56799413603414,0 -94.65774808896209,31.56802080484344,0 -94.65775202138603,31.56804745719777,0 -94.65775610895886,31.56807409243475,0 -94.65776035157906,31.56810070989223,0 -94.65776474914132,31.56812730890863,0 -94.6577693015365,31.56815388882281,0 -94.65777400865154,31.56818044897404,0 -94.65777887036957,31.56820698870218,0 -94.6577838865699,31.56823350734752,0 -94.65778905712796,31.56826000425086,0 -94.65779438191529,31.56828647875367,0 -94.65779986079977,31.56831293019777,0 -94.65780549364526,31.56833935792576,0 -94.65781128031192,31.56836576128071,0 -94.65781722065604,31.56839213960624,0 -94.65782331453009,31.56841849224678,0 -94.65782956178266,31.56844481854728,0 -94.65783596225869,31.56847111785327,0 -94.65784251579915,31.56849738951111,0 -94.65784922224124,31.56852363286774,0 -94.65785608141847,31.56854984727088,0 -94.6578630931604,31.56857603206883,0 -94.65787025729286,31.5686021866108,0 -94.65787757363799,31.56862831024662,0 -94.65788504201394,31.56865440232698,0 -94.65789266223527,31.56868046220333,0 -94.65790043411265,31.56870648922779,0 -94.65790835745302,31.56873248275353,0 -94.65791643205961,31.56875844213436,0 -94.65792465773175,31.56878436672508,0 -94.65793303426514,31.56881025588119,0 -94.65794156145169,31.56883610895921,0 -94.65795023907958,31.56886192531653,0 -94.65795906693315,31.56888770431139,0 -94.65796804479318,31.56891344530299,0 -94.65797717243657,31.56893914765155,0 -94.65798644963658,31.56896481071813,0 -94.65799587616274,31.56899043386482,0 -94.65800545178082,31.56901601645473,0 -94.65801517625296,31.56904155785194,0 -94.65802504933748,31.56906705742152,0 -94.65803507078915,31.56909251452969,0 -94.65804524035896,31.56911792854359,0 -94.65805555779424,31.56914329883156,0 -94.65805555779424,31.56914329883156,0 -94.65862737901504,31.57053815619087,0
								</kml:coordinates>
              </kml:LinearRing>
            </kml:outerBoundaryIs>
          </kml:Polygon>
        </kml:MultiGeometry>
      </kml:Placemark>
      <kml:Placemark>
        <kml:name>108-26-0055 - 2616 GLEN HOLLOW</kml:name>
        <kml:styleUrl>#Submitted_rollover</kml:styleUrl>
        <kml:MultiGeometry>
          <kml:Point>
            <kml:coordinates>-94.62828310008105,31.625997737677867,0</kml:coordinates>
          </kml:Point>
          <kml:Polygon>
            <kml:outerBoundaryIs>
              <kml:LinearRing>
                <kml:coordinates>-94.62864589318514,31.626080953347707,0 -94.62826857346519,31.626375612004352,0 -94.62786866583328,31.62588092761011,0 -94.62840648735833,31.625658030898993,0 -94.62864589318514,31.626080953347707,0</kml:coordinates>
              </kml:LinearRing>
            </kml:outerBoundaryIs>
          </kml:Polygon>
        </kml:MultiGeometry>
      </kml:Placemark>
      <kml:Placemark>
        <kml:name>108-26-0056 - 224 CR 4674</kml:name>
        <kml:styleUrl>#Submitted_rollover</kml:styleUrl>
        <kml:MultiGeometry>
          <kml:Point>
            <kml:coordinates>-94.45977674211902,31.362190309158578,0</kml:coordinates>
          </kml:Point>
          <kml:Polygon>
            <kml:outerBoundaryIs>
              <kml:LinearRing>
                <kml:coordinates>-94.45995514666055,31.362318905344257,0 -94.4596909582126,31.36231401583775,0 -94.45960156647884,31.362101538858937,0 -94.45983420064513,31.362030268591532,0 -94.45995514666055,31.362318905344257,0</kml:coordinates>
              </kml:LinearRing>
            </kml:outerBoundaryIs>
          </kml:Polygon>
        </kml:MultiGeometry>
      </kml:Placemark>
      <kml:Placemark>
        <kml:name>108-26-0057 - 233 CR 4909</kml:name>
        <kml:styleUrl>#Submitted_rollover</kml:styleUrl>
        <kml:MultiGeometry>
          <kml:Point>
            <kml:coordinates>-94.44336699590633,31.95110965833806,0</kml:coordinates>
          </kml:Point>
          <kml:Polygon>
            <kml:outerBoundaryIs>
              <kml:LinearRing>
                <kml:coordinates>-94.44488740497663,31.951472876517485,0 -94.44309132172337,31.951480639403652,0 -94.44190070951058,31.951573107281188,0 -94.44189570016917,31.950727886008675,0 -94.44488297553723,31.950714988285394,0 -94.44488740497663,31.951472876517485,0</kml:coordinates>
              </kml:LinearRing>
            </kml:outerBoundaryIs>
          </kml:Polygon>
        </kml:MultiGeometry>
      </kml:Placemark>
      <kml:Placemark>
        <kml:name>108-26-0058 - 1142 CR 428</kml:name>
        <kml:styleUrl>#Submitted_rollover</kml:styleUrl>
        <kml:MultiGeometry>
          <kml:Point>
            <kml:coordinates>-94.22905369133171,32.03664200344375,0</kml:coordinates>
          </kml:Point>
          <kml:Polygon>
            <kml:outerBoundaryIs>
              <kml:LinearRing>
                <kml:coordinates>
									-94.22886581192164,32.03771759630256,0 -94.22886333988774,32.0377150413012,0 -94.2288608962035,32.0377124665882,0 -94.22885848108554,32.03770987239178,0 -94.22885609474793,32.03770725894191,0 -94.22885373740219,32.03770462647027,0 -94.22885140925727,32.03770197521017,0 -94.22884911051956,32.03769930539661,0 -94.22884684139284,32.03769661726629,0 -94.22884460207818,32.03769391105752,0 -94.22884239277411,32.0376911870101,0 -94.22884021367648,32.03768844536556,0 -94.22883806497846,32.03768568636693,0 -94.22883594687046,32.0376829102587,0 -94.2288338595403,32.03768011728704,0 -94.22883180317297,32.03767730769945,0 -94.22882977795071,32.03767448174501,0 -94.22882778405311,32.03767163967423,0 -94.22882582165686,32.03766878173904,0 -94.2288238909359,32.03766590819278,0 -94.22882199206141,32.03766301929011,0 -94.22882012520171,32.03766011528717,0 -94.22881829052223,32.03765719644136,0 -94.22881648818564,32.03765426301142,0 -94.22881471835169,32.03765131525735,0 -94.22881298117721,32.03764835344046,0 -94.2288112768163,32.03764537782328,0 -94.22880960541993,32.03764238866961,0 -94.22880796713629,32.03763938624439,0 -94.22880636211059,32.03763637081375,0 -94.2288047904851,32.03763334264501,0 -94.22880325239916,32.03763030200656,0 -94.22880174798905,32.03762724916796,0 -94.22880027738817,32.03762418439983,0 -94.22879884072687,32.0376211079738,0 -94.22879743813245,32.03761802016258,0 -94.22879606972927,32.03761492123991,0 -94.22879473563864,32.03761181148045,0 -94.22879343597877,32.03760869115986,0 -94.22879217086489,32.03760556055475,0 -94.22879094040916,32.03760241994259,0 -94.2287897447206,32.03759926960183,0 -94.2287885839052,32.03759610981169,0 -94.22878745806588,32.03759294085224,0 -94.22878636730243,32.03758976300437,0 -94.22878531171152,32.03758657654982,0 -94.22878429138672,32.03758338177104,0 -94.22878330641846,32.0375801789512,0 -94.22878235689409,32.03757696837424,0 -94.22878144289776,32.03757375032465,0 -94.2287805645104,32.03757052508782,0 -94.2287805645104,32.03757052508782,0 -94.22872053874524,32.03734531295186,0 -94.22859455717833,32.03679574436998,0 -94.22853125564404,32.03641270840686,0 -94.22845716629421,32.03574176431627,0 -94.22847191539636,32.035494869542,0 -94.22898045803116,32.03558677939039,0 -94.22929174119209,32.03561184026523,0 -94.22936174835392,32.03624982221742,0 -94.22985328082281,32.03748648038875,0 -94.22886581192164,32.03771759630256,0
								</kml:coordinates>
              </kml:LinearRing>
            </kml:outerBoundaryIs>
          </kml:Polygon>
        </kml:MultiGeometry>
      </kml:Placemark>
      <kml:Placemark>
        <kml:name>108-26-0059 - 339 RAMSEY ST</kml:name>
        <kml:styleUrl>#Submitted_rollover</kml:styleUrl>
        <kml:MultiGeometry>
          <kml:Point>
            <kml:coordinates>-94.72571662896452,31.403705563554634,0</kml:coordinates>
          </kml:Point>
          <kml:Polygon>
            <kml:outerBoundaryIs>
              <kml:LinearRing>
                <kml:coordinates>-94.7259407151174,31.403300514243288,0 -94.72592549120311,31.40403133397092,0 -94.72549173761223,31.404017386432088,0 -94.7254457930244,31.40347157870432,0 -94.725760280108,31.403472335709242,0 -94.72577354704654,31.4033001121781,0 -94.7259407151174,31.403300514243288,0 -94.7259407151174,31.403300514243288,0</kml:coordinates>
              </kml:LinearRing>
            </kml:outerBoundaryIs>
          </kml:Polygon>
        </kml:MultiGeometry>
      </kml:Placemark>
      <kml:Placemark>
        <kml:name>108-26-0059 - 343 RAMSEY ST</kml:name>
        <kml:styleUrl>#Submitted_rollover</kml:styleUrl>
        <kml:MultiGeometry>
          <kml:Point>
            <kml:coordinates>-94.72620666640255,31.40328810719858,0</kml:coordinates>
          </kml:Point>
          <kml:Polygon>
            <kml:outerBoundaryIs>
              <kml:LinearRing>
                <kml:coordinates>-94.72616250793097,31.404038954734112,0 -94.72611487927952,31.403473188353654,0 -94.72666358849834,31.403470747988,0 -94.72667276387917,31.402893180499035,0 -94.725804623482,31.40289408380298,0 -94.72577354704654,31.4033001121781,0 -94.7259407151174,31.403300514243288,0 -94.72592549120311,31.40403133397092,0 -94.72616250793097,31.404038954734112,0</kml:coordinates>
              </kml:LinearRing>
            </kml:outerBoundaryIs>
          </kml:Polygon>
        </kml:MultiGeometry>
      </kml:Placemark>
      <kml:Placemark>
        <kml:name>108-26-0060 - 3443 HWY 59</kml:name>
        <kml:styleUrl>#Submitted_rollover</kml:styleUrl>
        <kml:MultiGeometry>
          <kml:Point>
            <kml:coordinates>-94.44946541535786,31.870950185922613,0</kml:coordinates>
          </kml:Point>
          <kml:Polygon>
            <kml:outerBoundaryIs>
              <kml:LinearRing>
                <kml:coordinates>-94.44945353333588,31.871532318383824,0 -94.44879107098079,31.870764291378453,0 -94.44932564888389,31.870427912304304,0 -94.45015167089198,31.870905341196636,0 -94.45007710879342,31.87094987469796,0 -94.44989975590704,31.87125241005779,0 -94.44945353333588,31.871532318383824,0 -94.44945353333588,31.871532318383824,0</kml:coordinates>
              </kml:LinearRing>
            </kml:outerBoundaryIs>
          </kml:Polygon>
        </kml:MultiGeometry>
      </kml:Placemark>
      <kml:Placemark>
        <kml:name>108-26-0061 - PR 5110</kml:name>
        <kml:styleUrl>#Submitted_rollover</kml:styleUrl>
        <kml:MultiGeometry>
          <kml:Point>
            <kml:coordinates>-95.15599402106228,31.383579936541988,0</kml:coordinates>
          </kml:Point>
          <kml:Polygon>
            <kml:outerBoundaryIs>
              <kml:LinearRing>
                <kml:coordinates>-95.15643262513429,31.384342613562023,0 -95.15482204896853,31.383553364617836,0 -95.1558422513558,31.382841510131687,0 -95.15634518130923,31.383096645896085,0 -95.15614581392676,31.38338898810692,0 -95.15637850973044,31.38350945758687,0 -95.15657919399307,31.3832148915357,0 -95.15680993855958,31.38333578870282,0 -95.15704561726785,31.38345167250801,0 -95.15643262513429,31.384342613562023,0</kml:coordinates>
              </kml:LinearRing>
            </kml:outerBoundaryIs>
          </kml:Polygon>
        </kml:MultiGeometry>
      </kml:Placemark>
      <kml:Placemark>
        <kml:name>108-26-0062 - 201 HOLLY CIRCLE</kml:name>
        <kml:styleUrl>#Submitted_rollover</kml:styleUrl>
        <kml:MultiGeometry>
          <kml:Point>
            <kml:coordinates>-94.36892522703599,31.29520090017347,0</kml:coordinates>
          </kml:Point>
          <kml:Polygon>
            <kml:outerBoundaryIs>
              <kml:LinearRing>
                <kml:coordinates>-94.36889899136071,31.295550535777377,0 -94.36888704623094,31.29554728606803,0 -94.36887515408006,31.29554389610955,0 -94.36886331714115,31.295540366538553,0 -94.36885153763686,31.295536698017752,0 -94.36883981777913,31.29553289123599,0 -94.36882815976863,31.295528946908128,0 -94.36881656579443,31.295524865774837,0 -94.36880503803364,31.2955206486024,0 -94.36879357865084,31.295516296182743,0 -94.36878218979783,31.295511809333107,0 -94.36877087361312,31.29550718889602,0 -94.36875963222167,31.295502435739113,0 -94.36874846773425,31.295497550754888,0 -94.36873738224732,31.295492534860635,0 -94.36872637784242,31.295487388998215,0 -94.3687154565859,31.295482114133893,0 -94.36870462052852,31.295476711258168,0 -94.36869387170496,31.295471181385512,0 -94.36868321213362,31.295465525554377,0 -94.36867264381604,31.295459744826747,0 -94.3686621687367,31.295453840288094,0 -94.36865178886255,31.295447813047186,0 -94.36864150614264,31.29544166423575,0 -94.36863132250778,31.295435395008386,0 -94.36862123987022,31.29542900654229,0 -94.36861126012319,31.295422500037056,0 -94.3686013851406,31.295415876714472,0 -94.36859161677671,31.295409137818208,0 -94.36858195686578,31.295402284613697,0 -94.36857240722165,31.295395318387733,0 -94.36856296963748,31.295388240448464,0 -94.3685536458854,31.29538105212491,0 -94.36854443771612,31.29537375476685,0 -94.36853534685872,31.295366349744565,0 -94.36852637502018,31.295358838448532,0 -94.36851752388516,31.295351222289195,0 -94.36850879511566,31.295343502696646,0 -94.36850019035067,31.295335681120402,0 -94.36849171120592,31.295327759029224,0 -94.36848335927357,31.295319737910635,0 -94.36847513612184,31.29531161927079,0 -94.3684670432948,31.295303404634204,0 -94.36845908231206,31.295295095543334,0 -94.36845125466843,31.29528669355843,0 -94.36844356183373,31.295278200257204,0 -94.36843600525242,31.295269617234393,0 -94.36842858634341,31.295260946101756,0 -94.36842130649973,31.29525218848743,0 -94.36841416708829,31.29524334603592,0 -94.36840716944968,31.295234420407578,0 -94.36840716944968,31.295234420407578,0 -94.36876097678638,31.29495291181783,0 -94.36954525511861,31.294962305837725,0 -94.3689181690268,31.295556047996115,0 -94.36889899136071,31.295550535777377,0</kml:coordinates>
              </kml:LinearRing>
            </kml:outerBoundaryIs>
          </kml:Polygon>
        </kml:MultiGeometry>
      </kml:Placemark>
      <kml:Placemark>
        <kml:name>108-26-0063 - 6175 FM 698</kml:name>
        <kml:styleUrl>#Submitted_rollover</kml:styleUrl>
        <kml:MultiGeometry>
          <kml:Point>
            <kml:coordinates>-94.76475134919846,31.726501233134304,0</kml:coordinates>
          </kml:Point>
          <kml:Polygon>
            <kml:outerBoundaryIs>
              <kml:LinearRing>
                <kml:coordinates>-94.76252506397593,31.725719763320686,0 -94.76393933948174,31.7258460880943,0 -94.76394841716774,31.725846887021174,0 -94.7639574967296,31.725847670220812,0 -94.76396657813007,31.72584843768991,0 -94.7639756613318,31.725849189425425,0 -94.7639847462975,31.725849925424182,0 -94.76399383298985,31.72585064568319,0 -94.76400292137153,31.725851350199477,0 -94.76401201140516,31.72585203897016,0 -94.76402110305342,31.725852711992445,0 -94.764030196279,31.725853369263504,0 -94.76403929104448,31.72585401078068,0 -94.76404838731254,31.725854636541296,0 -94.76405748504583,31.72585524654282,0 -94.76406658420692,31.725855840782753,0 -94.76407568475847,31.7258564192586,0 -94.76408478666309,31.725856981968043,0 -94.76409388988338,31.725857528908744,0 -94.76410299438193,31.725858060078483,0 -94.76411210012138,31.725858575475016,0 -94.7641212070643,31.725859075096285,0 -94.76413031517328,31.725859558940186,0 -94.76413942441089,31.725860027004767,0 -94.76414853473972,31.72586047928812,0 -94.76415764612234,31.725860915788374,0 -94.76416675852133,31.725861336503705,0 -94.76417587189925,31.725861741432432,0 -94.76418498621867,31.725862130572825,0 -94.76419410144213,31.725862503923366,0 -94.76420321753221,31.725862861482472,0 -94.76421233445144,31.725863203248686,0 -94.76422145216237,31.72586352922061,0 -94.76423057062756,31.725863839396904,0 -94.76423968980953,31.725864133776277,0 -94.76424880967083,31.725864412357534,0 -94.76425793017398,31.725864675139526,0 -94.76426705128152,31.725864922121175,0 -94.76427617295602,31.72586515330148,0 -94.76428529515995,31.725865368679457,0 -94.76429441785587,31.725865568254243,0 -94.76430354100629,31.725865752025015,0 -94.76431266457371,31.72586591999105,0 -94.7643217885207,31.725866072151607,0 -94.76433091280974,31.725866208506066,0 -94.76434003740336,31.725866329053904,0 -94.7643491622641,31.725866433794604,0 -94.76435828735443,31.725866522727745,0 -94.76436741263689,31.725866595852917,0 -94.76437653807398,31.725866653169884,0 -94.76438566362823,31.725866694678388,0 -94.76439478926213,31.72586672037824,0 -94.76439478926213,31.72586672037824,0 -94.76596282612816,31.72586976868228,0 -94.76627019441163,31.727286483109037,0 -94.76450238689934,31.72734015314616,0 -94.76252506397593,31.725719763320686,0</kml:coordinates>
              </kml:LinearRing>
            </kml:outerBoundaryIs>
          </kml:Polygon>
        </kml:MultiGeometry>
      </kml:Placemark>
      <kml:Placemark>
        <kml:name>108-26-0064 - 1757 CR 273</kml:name>
        <kml:styleUrl>#Submitted_rollover</kml:styleUrl>
        <kml:MultiGeometry>
          <kml:Point>
            <kml:coordinates>-94.5217193209304,31.75392374967808,0</kml:coordinates>
          </kml:Point>
          <kml:Polygon>
            <kml:outerBoundaryIs>
              <kml:LinearRing>
                <kml:coordinates>-94.5225098984656,31.751880631023766,0 -94.52148923022105,31.75189150464511,0 -94.52152205947299,31.752489218511688,0 -94.52134324693009,31.753111143681082,0 -94.5213642667719,31.75366193281643,0 -94.51942736622725,31.753676463584114,0 -94.51943309629078,31.754226767674904,0 -94.52196533387087,31.7542082270901,0 -94.52199265513529,31.756668388817754,0 -94.52256550663645,31.756662732423578,0 -94.5225098984656,31.751880631023766,0</kml:coordinates>
              </kml:LinearRing>
            </kml:outerBoundaryIs>
          </kml:Polygon>
        </kml:MultiGeometry>
      </kml:Placemark>
      <kml:Placemark>
        <kml:name>108-26-0065 - 174 ROCK CREEK</kml:name>
        <kml:styleUrl>#Submitted_rollover</kml:styleUrl>
        <kml:MultiGeometry>
          <kml:Point>
            <kml:coordinates>-94.62901802592924,31.718560514104762,0</kml:coordinates>
          </kml:Point>
          <kml:Polygon>
            <kml:outerBoundaryIs>
              <kml:LinearRing>
                <kml:coordinates>-94.62857340357273,31.718666303091336,0 -94.62857317693772,31.71844752814746,0 -94.62946290115435,31.718454140430836,0 -94.62946078125498,31.718674259483084,0 -94.62857340357273,31.718666303091336,0 -94.62857340357273,31.718666303091336,0</kml:coordinates>
              </kml:LinearRing>
            </kml:outerBoundaryIs>
          </kml:Polygon>
        </kml:MultiGeometry>
      </kml:Placemark>
      <kml:Placemark>
        <kml:name>108-26-0066 - 120 TIMBER CROSSING DR</kml:name>
        <kml:styleUrl>#Submitted_rollover</kml:styleUrl>
        <kml:MultiGeometry>
          <kml:Point>
            <kml:coordinates>-94.61088766760936,31.77727306805701,0</kml:coordinates>
          </kml:Point>
          <kml:Polygon>
            <kml:outerBoundaryIs>
              <kml:LinearRing>
                <kml:coordinates>-94.61119195002108,31.776929718426004,0 -94.61119564927388,31.777558722647726,0 -94.61058331544365,31.77761640011945,0 -94.61057975503142,31.77698738336339,0 -94.61119195002108,31.776929718426004,0 -94.61119195002108,31.776929718426004,0</kml:coordinates>
              </kml:LinearRing>
            </kml:outerBoundaryIs>
          </kml:Polygon>
        </kml:MultiGeometry>
      </kml:Placemark>
      <kml:Placemark>
        <kml:name>108-26-0067 - 1444 CR 4810</kml:name>
        <kml:styleUrl>#Submitted_rollover</kml:styleUrl>
        <kml:MultiGeometry>
          <kml:Point>
            <kml:coordinates>-94.46120400869289,31.899679187502052,0</kml:coordinates>
          </kml:Point>
          <kml:Polygon>
            <kml:outerBoundaryIs>
              <kml:LinearRing>
                <kml:coordinates>-94.46078615286805,31.899646152837274,0 -94.46127756765867,31.899268295706165,0 -94.46163669858262,31.899768878066336,0 -94.46108108548808,31.900055698018154,0 -94.46078615286805,31.899646152837274,0</kml:coordinates>
              </kml:LinearRing>
            </kml:outerBoundaryIs>
          </kml:Polygon>
        </kml:MultiGeometry>
      </kml:Placemark>
      <kml:Placemark>
        <kml:name>108-26-0068 - 416 HILL AVE</kml:name>
        <kml:styleUrl>#Submitted_rollover</kml:styleUrl>
        <kml:MultiGeometry>
          <kml:Point>
            <kml:coordinates>-94.66982821061572,31.590773941132884,0</kml:coordinates>
          </kml:Point>
          <kml:Polygon>
            <kml:outerBoundaryIs>
              <kml:LinearRing>
                <kml:coordinates>-94.6699989827666,31.59055253453062,0 -94.66991650511089,31.59103004267348,0 -94.66965854283177,31.590996835734213,0 -94.66973875630126,31.590517888508895,0 -94.6699989827666,31.59055253453062,0</kml:coordinates>
              </kml:LinearRing>
            </kml:outerBoundaryIs>
          </kml:Polygon>
        </kml:MultiGeometry>
      </kml:Placemark>
      <kml:Placemark>
        <kml:name>108-26-0069 - 687 CR 4191</kml:name>
        <kml:styleUrl>#Submitted_rollover</kml:styleUrl>
        <kml:MultiGeometry>
          <kml:Point>
            <kml:coordinates>-94.48289337139197,31.5520186534059,0</kml:coordinates>
          </kml:Point>
          <kml:Polygon>
            <kml:outerBoundaryIs>
              <kml:LinearRing>
                <kml:coordinates>
									-94.48336432264355,31.55248181957435,0 -94.48227512443725,31.5523383081048,0 -94.482339928738,31.55157186441853,0 -94.48357828342148,31.55171338704919,0 -94.48336432264355,31.55248181957435,0 -94.48336432264355,31.55248181957435,0
								</kml:coordinates>
              </kml:LinearRing>
            </kml:outerBoundaryIs>
          </kml:Polygon>
        </kml:MultiGeometry>
      </kml:Placemark>
      <kml:Placemark>
        <kml:name>108-26-0070 - 7610 CR 41511</kml:name>
        <kml:styleUrl>#Submitted_rollover</kml:styleUrl>
        <kml:MultiGeometry>
          <kml:Point>
            <kml:coordinates>-95.91110565179932,32.14903333155951,0</kml:coordinates>
          </kml:Point>
          <kml:Polygon>
            <kml:outerBoundaryIs>
              <kml:LinearRing>
                <kml:coordinates>-95.91167880059096,32.14832428360649,0 -95.91162174659108,32.14963506568062,0 -95.91076559212098,32.14988347554769,0 -95.91050484521578,32.14923573860937,0 -95.9106466879151,32.148314906475704,0 -95.91167880059096,32.14832428360649,0</kml:coordinates>
              </kml:LinearRing>
            </kml:outerBoundaryIs>
          </kml:Polygon>
        </kml:MultiGeometry>
      </kml:Placemark>
      <kml:Placemark>
        <kml:name>108-26-0071 - 427 CR 2092</kml:name>
        <kml:styleUrl>#Submitted_rollover</kml:styleUrl>
        <kml:MultiGeometry>
          <kml:Point>
            <kml:coordinates>-94.65613642119955,31.68260337854879,0</kml:coordinates>
          </kml:Point>
          <kml:Polygon>
            <kml:outerBoundaryIs>
              <kml:LinearRing>
                <kml:coordinates>
									-94.65693767766948,31.683662021546,0 -94.65603295569198,31.68367018621041,0 -94.65579682608519,31.6833219202002,0 -94.65581249820097,31.68321294517591,0 -94.6552812678586,31.68247901750047,0 -94.65498784660586,31.68208446023802,0 -94.65468371389889,31.68187396500199,0 -94.65639948217476,31.68172702944394,0 -94.65639962332349,31.68173544753525,0 -94.65640026659227,31.68174384850232,0 -94.65640141030532,31.68175221045819,0 -94.65640305148304,31.68176051161752,0 -94.65640518584986,31.6817687303533,0 -94.65640780784523,31.68177684525334,0 -94.65641091063814,31.68178483517582,0 -94.65641448614507,31.68179267930471,0 -94.65641852505088,31.68180035720364,0 -94.65642301683309,31.68180784886943,0 -94.65642794978935,31.68181513478405,0 -94.656433311068,31.68182219596548,0 -94.65643908670131,31.68182901401724,0 -94.65644526164212,31.68183557117624,0 -94.65645181980298,31.68184185035911,0 -94.65645874409789,31.68184783520666,0 -94.6564660164871,31.68185351012655,0 -94.65647361802385,31.68185886033394,0 -94.65648152890388,31.68186387188985,0 -94.65648972851699,31.68186853173768,0 -94.65649819550075,31.68187282773711,0 -94.65650690779607,31.68187674869577,0 -94.65651584270479,31.68188028439837,0 -94.65652497694884,31.68188342563326,0 -94.65653428673066,31.6818861642166,0 -94.65654374779545,31.68188849301358,0 -94.65655333549425,31.68189040595692,0 -94.65656302484817,31.68189189806283,0 -94.65657279061347,31.68189296544395,0 -94.65658260734735,31.68189360531937,0 -94.65659244947416,31.68189381602203,0 -94.65660229135217,31.68189359700304,0 -94.65661210734028,31.68189294883297,0 -94.65662187186481,31.68189187320045,0 -94.65663155948613,31.68189037290794,0 -94.65664114496511,31.68188845186406,0 -94.65665060332857,31.68188611507379,0 -94.65665990993462,31.68188336862519,0 -94.6566690405367,31.68188021967351,0 -94.6566779713468,31.68187667642284,0 -94.65668667909748,31.68187274810435,0 -94.6566951411024,31.68186844495253,0 -94.6567033353155,31.68186377817846,0 -94.65671124038838,31.68185875994039,0 -94.656718835726,31.68185340331246,0 -94.65672610154019,31.68184772225028,0 -94.65673301890141,31.68184173155474,0 -94.6567395697879,31.68183544683341,0 -94.65674573713265,31.6818288844599,0 -94.656751504868,31.68182206153114,0 -94.656751504868,31.68182206153114,0 -94.6567522830652,31.68182110908035,0 -94.65675308251592,31.68182016958944,0 -94.65675390292506,31.68181924340512,0 -94.65675474398979,31.68181833086925,0 -94.65675560539975,31.6818174323187,0 -94.65675648683694,31.68181654808501,0 -94.65675738797606,31.68181567849462,0 -94.6567583084845,31.68181482386846,0 -94.65675924802252,31.68181398452196,0 -94.65676020624331,31.68181316076491,0 -94.65676118279325,31.68181235290138,0 -94.65676217731188,31.68181156122952,0 -94.65676318943211,31.68181078604151,0 -94.65676421878042,31.6818100276235,0 -94.65676526497687,31.68180928625542,0 -94.65676632763531,31.68180856221083,0 -94.65676740636356,31.68180785575708,0 -94.65676850076343,31.68180716715478,0 -94.65676961043101,31.68180649665821,0 -94.65677073495671,31.68180584451474,0 -94.65677187392551,31.68180521096517,0 -94.65677302691701,31.68180459624329,0 -94.65677419350565,31.68180400057593,0 -94.65677537326088,31.68180342418303,0 -94.65677656574724,31.68180286727731,0 -94.6567777705246,31.6818023300643,0 -94.6567789871483,31.68180181274229,0 -94.65678021516926,31.68180131550218,0 -94.65678145413428,31.68180083852756,0 -94.65678270358605,31.68180038199442,0 -94.65678396306342,31.6817999460713,0 -94.65678523210151,31.68179953091911,0 -94.65678651023192,31.68179913669102,0 -94.65678779698297,31.68179876353256,0 -94.65678909187966,31.68179841158149,0 -94.65679039444412,31.68179808096766,0 -94.65679170419553,31.68179777181315,0 -94.65679302065054,31.68179748423202,0 -94.65679434332318,31.68179721833043,0 -94.65679567172532,31.68179697420654,0 -94.65679700536666,31.6817967519504,0 -94.65679834375493,31.68179655164413,0 -94.65679968639621,31.68179637336154,0 -94.65680103279489,31.68179621716853,0 -94.65680238245405,31.68179608312276,0 -94.65680373487552,31.68179597127363,0 -94.65680508956018,31.68179588166247,0 -94.65680644600801,31.68179581432231,0 -94.65680780371832,31.68179576927806,0 -94.65680916219006,31.68179574654634,0 -94.65680916219006,31.68179574654634,0 -94.65691463226754,31.68179484032298,0 -94.6569376869692,31.68366201075195,0 -94.65693767766948,31.683662021546,0
								</kml:coordinates>
              </kml:LinearRing>
            </kml:outerBoundaryIs>
          </kml:Polygon>
        </kml:MultiGeometry>
      </kml:Placemark>
      <kml:Placemark>
        <kml:name>108-26-0074 - 140 CR 5084</kml:name>
        <kml:styleUrl>#Submitted_rollover</kml:styleUrl>
        <kml:MultiGeometry>
          <kml:Point>
            <kml:coordinates>-94.57241027154453,31.579738566125023,0</kml:coordinates>
          </kml:Point>
          <kml:Polygon>
            <kml:outerBoundaryIs>
              <kml:LinearRing>
                <kml:coordinates>-94.57237198870271,31.579826008374475,0 -94.57193295920702,31.579623951323203,0 -94.57205806199082,31.579423529297543,0 -94.57284137003388,31.579779956299653,0 -94.57268745464629,31.58006469922399,0 -94.57232924036394,31.579898875077706,0 -94.57237198870271,31.579826008374475,0</kml:coordinates>
              </kml:LinearRing>
            </kml:outerBoundaryIs>
          </kml:Polygon>
        </kml:MultiGeometry>
      </kml:Placemark>
      <kml:Placemark>
        <kml:name>108-26-0076 - 2810 COLONIAL DR</kml:name>
        <kml:styleUrl>#Submitted_rollover</kml:styleUrl>
        <kml:MultiGeometry>
          <kml:Point>
            <kml:coordinates>-94.6326767346473,31.62816505322213,0</kml:coordinates>
          </kml:Point>
          <kml:Polygon>
            <kml:outerBoundaryIs>
              <kml:LinearRing>
                <kml:coordinates>
									-94.63299590781806,31.62843500622723,0 -94.63293046577118,31.6279400305541,0 -94.63260932711633,31.62775085658926,0 -94.63236907909172,31.62807818075106,0 -94.63242310105788,31.62849001547841,0 -94.63299590781806,31.62843500622723,0 -94.63299590781806,31.62843500622723,0
								</kml:coordinates>
              </kml:LinearRing>
            </kml:outerBoundaryIs>
          </kml:Polygon>
        </kml:MultiGeometry>
      </kml:Placemark>
      <kml:Placemark>
        <kml:name>108-26-0077 - 373 CR 2125</kml:name>
        <kml:styleUrl>#Submitted_rollover</kml:styleUrl>
        <kml:MultiGeometry>
          <kml:Point>
            <kml:coordinates>-95.4824546580565,31.382882341259297,0</kml:coordinates>
          </kml:Point>
          <kml:Polygon>
            <kml:outerBoundaryIs>
              <kml:LinearRing>
                <kml:coordinates>-95.48462037642436,31.383664596674258,0 -95.48462037642436,31.383664596674258,0 -95.48057179315848,31.38459950730953,0 -95.48079784589363,31.381895428019234,0 -95.48374194177525,31.381109603641157,0 -95.48462037642436,31.383664596674258,0</kml:coordinates>
              </kml:LinearRing>
            </kml:outerBoundaryIs>
          </kml:Polygon>
        </kml:MultiGeometry>
      </kml:Placemark>
      <kml:Placemark>
        <kml:name>108-26-0078 - 5218 SH 7</kml:name>
        <kml:styleUrl>#Submitted_rollover</kml:styleUrl>
        <kml:MultiGeometry>
          <kml:Point>
            <kml:coordinates>-94.1132281968095,31.861983854992253,0</kml:coordinates>
          </kml:Point>
          <kml:Polygon>
            <kml:outerBoundaryIs>
              <kml:LinearRing>
                <kml:coordinates>-94.11352010292597,31.86310519088748,0 -94.11208003329516,31.861554585474558,0 -94.11290257415158,31.86099983007515,0 -94.11432414505525,31.862108929769636,0 -94.11352010292597,31.86310519088748,0</kml:coordinates>
              </kml:LinearRing>
            </kml:outerBoundaryIs>
          </kml:Polygon>
        </kml:MultiGeometry>
      </kml:Placemark>
      <kml:Placemark>
        <kml:name>108-26-0079 - 1905 GOLDSBERRY ST</kml:name>
        <kml:styleUrl>#Submitted_rollover</kml:styleUrl>
        <kml:MultiGeometry>
          <kml:Point>
            <kml:coordinates>-94.66002054935039,31.587658494663174,0</kml:coordinates>
          </kml:Point>
          <kml:Polygon>
            <kml:outerBoundaryIs>
              <kml:LinearRing>
                <kml:coordinates>-94.65957359101635,31.58745600877687,0 -94.66053090708314,31.587594147078633,0 -94.66043745571957,31.58785958588679,0 -94.6595388923427,31.587729925373058,0 -94.65957359101635,31.58745600877687,0 -94.65957359101635,31.58745600877687,0</kml:coordinates>
              </kml:LinearRing>
            </kml:outerBoundaryIs>
          </kml:Polygon>
        </kml:MultiGeometry>
      </kml:Placemark>
      <kml:Placemark>
        <kml:name>108-26-0080 - 905 MOONBEAM</kml:name>
        <kml:styleUrl>#Submitted_rollover</kml:styleUrl>
        <kml:MultiGeometry>
          <kml:Point>
            <kml:coordinates>-94.19755540134328,31.80735634264645,0</kml:coordinates>
          </kml:Point>
          <kml:Polygon>
            <kml:outerBoundaryIs>
              <kml:LinearRing>
                <kml:coordinates>-94.19742100042218,31.807570714935054,0 -94.19736889489045,31.80717099357347,0 -94.19768980165749,31.807141970200693,0 -94.19774190852421,31.80754169143853,0 -94.19742100042218,31.807570714935054,0</kml:coordinates>
              </kml:LinearRing>
            </kml:outerBoundaryIs>
          </kml:Polygon>
        </kml:MultiGeometry>
      </kml:Placemark>
      <kml:Placemark>
        <kml:name>108-26-0081 - 259 OLD EWING RD</kml:name>
        <kml:styleUrl>#Submitted_rollover</kml:styleUrl>
        <kml:MultiGeometry>
          <kml:Point>
            <kml:coordinates>-94.59618675537111,31.340836789110085,0</kml:coordinates>
          </kml:Point>
          <kml:Polygon>
            <kml:outerBoundaryIs>
              <kml:LinearRing>
                <kml:coordinates>-94.59617212746318,31.34118286026028,0 -94.59590685172127,31.34071271823518,0 -94.59608781581859,31.340530817503357,0 -94.59651033315019,31.340840988640423,0 -94.59626669974361,31.341088000902037,0 -94.59617212746318,31.34118286026028,0</kml:coordinates>
              </kml:LinearRing>
            </kml:outerBoundaryIs>
          </kml:Polygon>
        </kml:MultiGeometry>
      </kml:Placemark>
      <kml:Placemark>
        <kml:name>108-26-0082 - 2026 TEXAS 87 S</kml:name>
        <kml:styleUrl>#Submitted_rollover</kml:styleUrl>
        <kml:MultiGeometry>
          <kml:Point>
            <kml:coordinates>-94.12057406717815,31.783723370744937,0</kml:coordinates>
          </kml:Point>
          <kml:Polygon>
            <kml:outerBoundaryIs>
              <kml:LinearRing>
                <kml:coordinates>-94.1206419842033,31.784093882450197,0 -94.12007066336453,31.78379069742692,0 -94.1205061506829,31.78335285894993,0 -94.12107747027808,31.783656042115222,0 -94.1206419842033,31.784093882450197,0 -94.1206419842033,31.784093882450197,0</kml:coordinates>
              </kml:LinearRing>
            </kml:outerBoundaryIs>
          </kml:Polygon>
        </kml:MultiGeometry>
      </kml:Placemark>
    </kml:Folder>
    <kml:Placemark>
      <kml:name>10800168 - 1002 MOCKINGBIRD LN</kml:name>
      <kml:styleUrl>#Submitted_rollover</kml:styleUrl>
      <kml:MultiGeometry>
        <kml:Point>
          <kml:coordinates>-94.68348636400587,31.582024911863755,0</kml:coordinates>
        </kml:Point>
        <kml:Polygon>
          <kml:outerBoundaryIs>
            <kml:LinearRing>
              <kml:coordinates>-94.68338587644246,31.58172924744811,0 -94.68370157951927,31.581779595005823,0 -94.6835868521936,31.582320576172847,0 -94.68327114738305,31.582270228344814,0 -94.68338587644246,31.58172924744811,0</kml:coordinates>
            </kml:LinearRing>
          </kml:outerBoundaryIs>
        </kml:Polygon>
      </kml:MultiGeometry>
    </kml:Placemark>
    <kml:Placemark>
      <kml:name>108-24-0042 - 916 MOCKINGBIRD</kml:name>
      <kml:styleUrl>#Submitted_rollover</kml:styleUrl>
      <kml:MultiGeometry>
        <kml:Point>
          <kml:coordinates>-94.68236490876166,31.581817640723543,0</kml:coordinates>
        </kml:Point>
        <kml:Polygon>
          <kml:outerBoundaryIs>
            <kml:LinearRing>
              <kml:coordinates>-94.68201317304603,31.582071071757795,0 -94.68211560554977,31.58152571678997,0 -94.68274882083874,31.581621556679266,0 -94.68267516522705,31.581999900570345,0 -94.682205228403,31.582101936680047,0 -94.68201317304603,31.582071071757795,0</kml:coordinates>
            </kml:LinearRing>
          </kml:outerBoundaryIs>
        </kml:Polygon>
      </kml:MultiGeometry>
    </kml:Placemark>
    <kml:Placemark>
      <kml:name>108-25-0103 - 835 MOCKINGBIRD ST</kml:name>
      <kml:styleUrl>#Submitted_rollover</kml:styleUrl>
      <kml:MultiGeometry>
        <kml:Point>
          <kml:coordinates>-94.68172453599209,31.581069253457397,0</kml:coordinates>
        </kml:Point>
        <kml:Polygon>
          <kml:outerBoundaryIs>
            <kml:LinearRing>
              <kml:coordinates>-94.68190201654839,31.58138685313175,0 -94.68174305822875,31.581364456035978,0 -94.68142722573641,31.581313819395422,0 -94.68154694806826,31.580750823476563,0 -94.68202208279953,31.580823597002475,0 -94.68190201654839,31.58138685313175,0</kml:coordinates>
            </kml:LinearRing>
          </kml:outerBoundaryIs>
        </kml:Polygon>
      </kml:MultiGeometry>
    </kml:Placemark>
  </kml:Document>
</kml:kml>